account_id,primary_client_name,list_price,down_payment,stated_balance,installment_total,calculated_balance,balance_discrepancy,status
Buenaflor1_2,"Alido, Jessica",240000.0,5000.0,0.0,235000.0,0.0,0.0,Match
Buenaflor1_3,"Alido,Ivan Karl",260000.0,260000.0,,0.0,0.0,,Unavailable
Buenaflor1_4,"Are, Rosalie",341600.0,20000.0,141600.0,180000.0,141600.0,0.0,Match
Buenaflor1_5,"Atoc, Glory Jean Modato",250000.0,9971.0,-1000.0,240029.0,0.0,-1000.0,Review
Buenaflor1_6,"Baldeo, Michael John D",280400.0,20000.0,0.0,260400.0,0.0,0.0,Match
Buenaflor1_7,"Barroga, Ivan T",280400.0,20000.0,0.0,260400.0,0.0,0.0,Match
Buenaflor1_8,"Dar, Hannah Avila",280400.0,10000.0,90400.0,180000.0,90400.0,0.0,Match
Buenaflor1_9,"De Guzman,Jean",260000.0,10000.0,0.0,250000.0,0.0,0.0,Match
Buenaflor1_10,"Diwaten, Michell L",560800.0,43839.0,74292.0,442669.0,74292.0,0.0,Match
Buenaflor1_11,"Garcia, Anna Rose Book",280400.0,5000.0,0.0,275400.0,0.0,0.0,Match
Buenaflor1_12,"Grospe, Francis Ian",236400.0,20000.0,0.0,216400.0,0.0,0.0,Match
Buenaflor1_13,"Johnson, Norelyn Calwag",440228.0,99600.0,340628.0,0.0,340628.0,0.0,Match
Buenaflor1_14,"Hifarva,Shirly Gorospe",414400.0,5000.0,332400.0,77000.0,332400.0,0.0,Match
Buenaflor1_15,"Israel, Irham Bonga",900000.0,100000.0,0.0,800000.0,0.0,0.0,Match
Buenaflor1_16,"Lavalle, Lenafe D",280200.0,5000.0,0.0,275200.0,0.0,0.0,Match
Buenaflor1_17,"Loraña,Rizalyn",196000.0,196000.0,0.0,0.0,0.0,0.0,Match
Buenaflor1_18,"Lumantas, Airen Marie",280400.0,15000.0,0.0,265400.0,0.0,0.0,Match
Buenaflor1_19,"Macote, Marina",260000.0,15000.0,0.0,245000.0,0.0,0.0,Match
Buenaflor1_20,"Magracia,Imarie A.",385600.0,25000.0,360600.0,0.0,360600.0,0.0,Match
Buenaflor1_21,"Manglicmot, Theresita Jr",380400.0,73750.0,296650.0,10000.0,296650.0,0.0,Match
Buenaflor1_22,"Marcos, Aiko M",337200.0,5000.0,170200.0,162000.0,170200.0,0.0,Match
Buenaflor1_23,"Maulana,Norlis Abdul",540000.0,540000.0,0.0,0.0,0.0,0.0,Match
Buenaflor1_24,"Nandal, Warda Pendatun",520400.0,100000.0,0.0,420400.0,0.0,0.0,Match
Buenaflor1_25,"Sagabain,Degkig M.",255000.0,176000.0,0.0,79000.0,0.0,0.0,Match
Buenaflor1_26,"Solano, Pia Rose",224400.0,30000.0,0.0,194400.0,0.0,0.0,Match
Buenaflor1_27,"Tonog, Glenn Vincent",120000.0,40000.0,-1200.0,80000.0,0.0,-1200.0,Review
Buenaflor1_28,"Tonog, Glenn Vincent",129720.0,60000.0,7720.0,62000.0,7720.0,0.0,Match
Buenaflor1_29,"Vingno, Judith",580000.0,580000.0,0.0,0.0,0.0,0.0,Match
Buenaflor1_30,"Volante, Ingrid",280400.0,10000.0,0.0,270400.0,0.0,0.0,Match
Buenaflor1_33,BACK OUT,,0.0,,0.0,,,Unavailable
Buenaflor1_34,"Cortez, Ma. Sally C",240000.0,10000.0,210000.0,5000.0,225000.0,-15000.0,Review
Buenaflor1_35,"Anceno, Roxanne C",210300.0,12500.0,154800.0,43000.0,154800.0,0.0,Match
Buenaflor1_36,"Labrador, Rosemarie S",149600.0,10000.0,139600.0,0.0,139600.0,0.0,Match
Buenaflor1_37,"Ang, Zandro",280400.0,5000.0,275400.0,0.0,275400.0,0.0,Match
Buenaflor1_40,FULL REFUND,,0.0,,0.0,,,Unavailable
Buenaflor1_41,"Bacero, Ryan A",420600.0,8000.0,412600.0,1.0,412599.0,1.0,Review
Buenaflor1_42,"Dumago, Alania Leilanie",1020000.0,44000.0,953000.0,23002.0,952998.0,2.0,Review
Buenaflor1_43,"Delgado, Rizza",656000.0,5000.0,646000.0,5000.0,646000.0,0.0,Match
Buenaflor1_44,"Sagabain, Degkig M",280400.0,38000.0,104400.0,138000.0,104400.0,0.0,Match
Buenaflor1_45,"Damian, Bobby L",280400.0,25000.0,192000.0,63400.0,192000.0,0.0,Match
Buenaflor1_46,"Endal,Clinton",385600.0,20000.0,365600.0,0.0,365600.0,0.0,Match
Buenaflor1_49,"Sarreno, Ronald Eleria",240000.0,20000.0,0.0,220000.0,0.0,0.0,Match
Buenaflor1_50,"Satorre, Clariza",280400.0,10000.0,270400.0,0.0,270400.0,0.0,Match
Buenaflor1_51,"Dumago, Marilyn",480000.0,20000.0,0.0,460000.0,0.0,0.0,Match
Buenaflor1_52,"Gamboa, Shiela Mae",260000.0,40000.0,0.0,220000.0,0.0,0.0,Match
Buenaflor1_56,"Bansalao, Adelyn",149600.0,5000.0,144600.0,0.0,144600.0,0.0,Match
Buenaflor1_57,"Palermo, Vicente P",210300.0,30000.0,162800.0,17500.0,162800.0,0.0,Match
Buenaflor1_58,"Langcap,Monyr Nawal",443200.0,5000.0,438200.0,0.0,438200.0,0.0,Match
Buenaflor2_2,"Aben, Bernadeth",120000.0,5000.0,-700.0,115000.0,0.0,-700.0,Review
Buenaflor2_3,"Alid, Esmael S",247000.0,113660.0,0.0,133340.0,0.0,0.0,Match
Buenaflor2_4,"Apostol, Imelda M",127000.0,5000.0,0.0,122000.0,0.0,0.0,Match
Buenaflor2_5,"Apostol, Sharleen Dyane C",480000.0,15000.0,0.0,465000.0,0.0,0.0,Match
Buenaflor2_6,"Azuelo, Jay A",149600.0,5000.0,0.0,144600.0,0.0,0.0,Match
Buenaflor2_7,"Barroquillo, April Chariss H",299200.0,5000.0,0.0,295200.0,-1000.0,1000.0,Review
Buenaflor2_8,"Borres,Elena Mae N.",424800.0,5000.0,333800.0,86000.0,333800.0,0.0,Match
Buenaflor2_9,"Braza, Rosalie",149600.0,20000.0,0.0,129600.0,0.0,0.0,Match
Buenaflor2_10,"Caigoy,Erna R.",192800.0,20000.0,153800.0,19000.0,153800.0,0.0,Match
Buenaflor2_11,"Carado, Christine Joy E",299200.0,10000.0,0.0,289200.0,0.0,0.0,Match
Buenaflor2_12,"Castañeda, Grace Ivy",284320.0,10000.0,0.0,274320.0,0.0,0.0,Match
Buenaflor2_13,"Conde, Shayne Durizza A",269440.0,50000.0,0.0,219440.0,0.0,0.0,Match
Buenaflor2_14,"Daquera, Ivy A",134720.0,5000.0,9560.0,120160.0,9560.0,0.0,Match
Buenaflor2_15,"Dela Cruz, Angelie N",150000.0,150000.0,0.0,0.0,0.0,0.0,Match
Buenaflor2_16,"Dela Cruz, Angelie N",356800.0,15000.0,0.0,341800.0,0.0,0.0,Match
Buenaflor2_17,"Diga, Radzma",546800.0,10000.0,0.0,536800.0,0.0,0.0,Match
Buenaflor2_18,"Dulos, Jockey A",1020000.0,30000.0,0.0,990000.0,0.0,0.0,Match
Buenaflor2_19,"Dumandan,Armour",217400.0,20000.0,0.0,197400.0,0.0,0.0,Match
Buenaflor2_20,"Dumandan,Armour",405920.0,34400.0,371520.0,0.0,371520.0,0.0,Match
Buenaflor2_21,"Fran, Maricel",299200.0,10000.0,10800.0,289200.0,0.0,10800.0,Review
Buenaflor2_22,"Gaban,Norilyn",178400.0,20000.0,0.0,158400.0,0.0,0.0,Match
Buenaflor2_23,"Gaurana, Arshley Xerxes A",299200.0,10000.0,10800.0,278400.0,10800.0,0.0,Match
Buenaflor2_24,"Gayanandang,Zharmine",354000.0,15000.0,339000.0,0.0,339000.0,0.0,Match
Buenaflor2_25,"Gelidon, Louie Jan D",149600.0,5000.0,0.0,144600.0,0.0,0.0,Match
Buenaflor2_26,"Guarin, Lowela",269440.0,10000.0,0.0,259440.0,0.0,0.0,Match
Buenaflor2_27,"Jangad, Marcial M",225000.0,150000.0,-40000.0,115000.0,-40000.0,0.0,Match
Buenaflor2_28,"Jangad, Marcial M",299200.0,40000.0,14960.0,244240.0,14960.0,0.0,Match
Buenaflor2_29,"Lagrimas, Lalene P",149600.0,5000.0,0.0,144600.0,0.0,0.0,Match
Buenaflor2_30,"Lagrimas, Lalene P",192800.0,5000.0,172800.0,15000.0,172800.0,0.0,Match
Buenaflor2_31,"Laspe, Elaine",235000.0,15000.0,0.0,220000.0,0.0,0.0,Match
Buenaflor2_32,"Laspe, Lourdes B",475000.0,10000.0,0.0,465000.0,0.0,0.0,Match
Buenaflor2_33,"Literal, Mary Grace Agulan",192800.0,20000.0,149200.0,23600.0,149200.0,0.0,Match
Buenaflor2_34,"Lontiong, Ryan E",150340.0,5000.0,0.0,145340.0,0.0,0.0,Match
Buenaflor2_35,"Lorin, Erlyn Jane O",120000.0,5000.0,0.0,115000.0,0.0,0.0,Match
Buenaflor2_36,"Lorin, Erlyn Jane O",127360.0,15000.0,0.0,112360.0,0.0,0.0,Match
Buenaflor2_37,"Lorin, Erlyn Jane O.",472000.0,20000.0,400000.0,52000.0,400000.0,0.0,Match
Buenaflor2_38,"Lucero, Imelda P",481680.0,60000.0,0.0,421680.0,0.0,0.0,Match
Buenaflor2_39,"Lumawan,Simatar Abdul",178400.0,20000.0,153400.0,5000.0,153400.0,0.0,Match
Buenaflor2_40,"Macodi,Mangombra",164180.0,20000.0,0.0,144180.0,0.0,0.0,Match
Buenaflor2_41,"Mangindla, Manny K",120000.0,5000.0,0.0,115000.0,0.0,0.0,Match
Buenaflor2_42,"Molilis, Almira",191000.0,30000.0,0.0,161000.0,0.0,0.0,Match
Buenaflor2_43,"Montalvo,Maylyn",314270.0,50000.0,0.0,264270.0,0.0,0.0,Match
Buenaflor2_44,"Morales, Hazel Jane",327600.0,30000.0,67000.0,230600.0,67000.0,0.0,Match
Buenaflor2_45,"Napii, Nasirin",300000.0,25400.0,122550.0,152050.0,122550.0,0.0,Match
Buenaflor2_46,"Pabilona, Nora",299200.0,5000.0,0.0,292200.0,2000.0,-2000.0,Review
Buenaflor2_47,"Pamintuan, Ma. Estela J",269440.0,10000.0,0.0,259440.0,0.0,0.0,Match
Buenaflor2_48,"Pareño,Kenneth D.",225000.0,30000.0,0.0,195000.0,0.0,0.0,Match
Buenaflor2_49,"Reluna, Joel P",448800.0,5000.0,268800.0,175000.0,268800.0,0.0,Match
Buenaflor2_50,"Relunio, Ronald S",149600.0,10000.0,5200.0,134400.0,5200.0,0.0,Match
Buenaflor2_51,"Quilalang, Chita Ea",260000.0,5000.0,0.0,255000.0,0.0,0.0,Match
Buenaflor2_52,"Quinto, Ricardo F Jr",240000.0,10000.0,0.0,230000.0,0.0,0.0,Match
Buenaflor2_53,Saiden,145000.0,145000.0,0.0,0.0,0.0,0.0,Match
Buenaflor2_54,"Samadalan, Rehana S",159600.0,7000.0,0.0,152600.0,0.0,0.0,Match
Buenaflor2_55,"Soreño, Aquino T",299200.0,5000.0,0.0,294200.0,0.0,0.0,Match
Buenaflor2_56,"Subrida,Rolan B.",472000.0,10000.0,406000.0,56000.0,406000.0,0.0,Match
Buenaflor2_57,"Subrida,Rolan B.",472000.0,5000.0,456000.0,11000.0,456000.0,0.0,Match
Buenaflor2_58,"Subaldo, Arjay Robert S",598400.0,20000.0,0.0,578400.0,0.0,0.0,Match
Buenaflor2_59,"Tanael, Melvin S",269440.0,10000.0,0.0,259440.0,0.0,0.0,Match
Buenaflor2_64,"Napii, Nasirin",189992.0,25400.0,,0.0,164592.0,,Unavailable
Buenaflor2_65,"Protacio, Victor I Jr",272272.0,5000.0,,10000.0,257272.0,,Unavailable
Buenaflor2_66,"Tonog, Arlene",134720.0,5000.0,94720.0,35000.0,94720.0,0.0,Match
Buenaflor2_67,"Ancheta, Estella",235000.0,10000.0,220000.0,5000.0,220000.0,0.0,Match
Buenaflor2_68,"Coyoca, Reann Claire",149600.0,19000.0,93000.0,22600.0,108000.0,-15000.0,Review
Buenaflor2_69,"Matanoy, Kristine Joy Doce",149600.0,5000.0,102600.0,42000.0,102600.0,0.0,Match
Buenaflor2_70,"Hifarva,Shirly Gorospe",179200.0,79400.0,76800.0,23000.0,76800.0,0.0,Match
Buenaflor2_71,"Dalamban, Romena M",299200.0,30000.0,124200.0,145000.0,124200.0,0.0,Match
Buenaflor2_72,"Guialo, Rakma",308500.0,5000.0,203500.0,100000.0,203500.0,0.0,Match
Buenaflor2_73,"Gamboa, Rufina L",260000.0,40000.0,0.0,220000.0,0.0,0.0,Match
Buenaflor2_74,"Dalipe,Carl Dominic",535984.0,50000.0,415984.0,70000.0,415984.0,0.0,Match
Buenaflor2_75,"Candado, John Regnair",176400.0,25000.0,0.0,151400.0,0.0,0.0,Match
Buenaflor2_76,"Paulino,Maria Theresa S.",289200.0,10000.0,269200.0,10000.0,269200.0,0.0,Match
Buenaflor2_77,"Flores,Febie",306848.0,20000.0,110848.0,176000.0,110848.0,0.0,Match
Buenaflor2_80,"Delco, Merrianne G",299200.0,5000.0,294200.0,5000.0,289200.0,5000.0,Review
Buenaflor2_81,"Dequina, Roy D",299200.0,5000.0,,5000.0,289200.0,,Unavailable
Buenaflor2_82,"Molilis, Almira",224400.0,5000.0,219400.0,0.0,219400.0,0.0,Match
Buenaflor2_85,"Lumambas, Sinumangkay D",149600.0,20000.0,129600.0,0.0,129600.0,0.0,Match
Buenaflor2_86,"Fuentes, Jeffrey",149600.0,5000.0,129600.0,15000.0,129600.0,0.0,Match
Buenaflor2_87,"Sacandal, Datu Yasser Otto",272272.0,28416.0,186572.0,57284.0,186572.0,0.0,Match
Buenaflor2_88,"Narcilla, Cristy C.",164000.0,44000.0,120000.0,0.0,120000.0,0.0,Match
Buenaflor2_89,"Utap, Farhana",149600.0,5000.0,35500.0,109100.0,35500.0,0.0,Match
Buenaflor2_90,"Uminga, Jerry D",179200.0,5000.0,99800.0,74400.0,99800.0,0.0,Match
Buenaflor2_91,"Badajos, Aidelaida Gose",246000.0,2000.0,152300.0,91700.0,152300.0,0.0,Match
Buenaflor2_94,"Badajos, Johnalyn G",194592.0,2000.0,192592.0,0.0,192592.0,0.0,Match
Buenaflor2_95,"Fernandez, Lotty Joy",299200.0,5000.0,294200.0,0.0,294200.0,0.0,Match
Buenaflor2_96,"Salazar, Norman M",299200.0,5000.0,284200.0,10000.0,284200.0,0.0,Match
Buenaflor2_97,"Sanggalang, Geraldine",299200.0,10000.0,289200.0,0.0,289200.0,0.0,Match
Buenaflor2_98,"Satorre, Clariza",184000.0,10000.0,158600.0,15400.0,158600.0,0.0,Match
Buenaflor2_99,"Bergado, Jeffrey",266288.0,5000.0,230688.0,30600.0,230688.0,0.0,Match
Buenaflor2_100,"Fuentes, Metcher",245190.0,5000.0,240190.0,0.0,240190.0,0.0,Match
Buenaflor2_101,"Mandal, Bairenda S",318400.0,90000.0,228400.0,0.0,228400.0,0.0,Match
Buenaflor2_102,"Hadjiesmael,Sahabudin",299200.0,30000.0,247600.0,21600.0,247600.0,0.0,Match
Buenaflor2_103,"Dilangalen, Sittie Ro-anne S",415888.0,10000.0,345288.0,60600.0,345288.0,0.0,Match
Buenaflor2_104,"Estorque, Ivan B",192800.0,5000.0,130900.0,56900.0,130900.0,0.0,Match
Buenaflor3_3,"Altura,Erwin",178400.0,33200.0,0.0,145200.0,0.0,0.0,Match
Buenaflor3_4,"Amit,Ronald L.",300000.0,64000.0,0.0,236000.0,0.0,0.0,Match
Buenaflor3_5,"Ampang,Sharra Mae",385600.0,40000.0,162400.0,183200.0,162400.0,0.0,Match
Buenaflor3_6,"Apostol,Jennifer",240000.0,150000.0,0.0,90000.0,0.0,0.0,Match
Buenaflor3_7,"Baroga,Maribic",309680.0,145500.0,116180.0,48000.0,116180.0,0.0,Match
Buenaflor3_8,"Basanes,Jeffrey",357200.0,129200.0,157000.0,71000.0,157000.0,0.0,Match
Buenaflor3_9,"Berdin, Charie G",240000.0,180000.0,0.0,60000.0,0.0,0.0,Match
Buenaflor3_10,"Berdin,Charie G.",312800.0,5000.0,247800.0,60000.0,247800.0,0.0,Match
Buenaflor3_11,"Bernaldez,Angislyh",300000.0,20000.0,0.0,280000.0,0.0,0.0,Match
Buenaflor3_12,"Bernasol,Mary Grace N.",519840.0,0.0,481602.0,43238.0,476602.0,5000.0,Review
Buenaflor3_13,"Bigkog, Moner Akan",349200.0,0.0,233000.0,116200.0,233000.0,0.0,Match
Buenaflor3_14,"Bugarin, Marites",570000.0,5000.0,0.0,565000.0,0.0,0.0,Match
Buenaflor3_15,"Burgos,Jasmin P.",349200.0,0.0,304200.0,45000.0,304200.0,0.0,Match
Buenaflor3_16,"Ceballos,Emmanuel",472000.0,20000.0,396000.0,56000.0,396000.0,0.0,Match
Buenaflor3_17,"Dela Gracia, John",349200.0,10000.0,304200.0,35000.0,304200.0,0.0,Match
Buenaflor3_18,"Delos Santos, Ma. Rose Ann D.",356800.0,30800.0,298500.0,27500.0,298500.0,0.0,Match
Buenaflor3_19,"De Tomas,Jenny Rose Magbanua",414400.0,5000.0,379400.0,30000.0,379400.0,0.0,Match
Buenaflor3_20,"Dumpao,Indong Abdulhak",299200.0,93000.0,0.0,206200.0,0.0,0.0,Match
Buenaflor3_21,"Ebanos,Jeavy Mae",349200.0,5000.0,293200.0,51000.0,293200.0,0.0,Match
Buenaflor3_22,"Elisan,Merlina Gabriel",356148.0,5000.0,0.0,351148.0,0.0,0.0,Match
Buenaflor3_23,"Flores, Jenie C.",174600.0,0.0,0.0,174600.0,0.0,0.0,Match
Buenaflor3_24,"Fontanilla,Analyn",300000.0,300000.0,0.0,0.0,0.0,0.0,Match
Buenaflor3_25,"Gamino,Maricel",472000.0,5000.0,432000.0,35000.0,432000.0,0.0,Match
Buenaflor3_26,"Gillesania,Ziana Alexa",332400.0,30000.0,252000.0,70560.0,231840.0,20160.0,Review
Buenaflor3_27,"Gillesania,Mia Maxine",332400.0,30000.0,252000.0,70560.0,231840.0,20160.0,Review
Buenaflor3_28,"Horcerada, Honey Grace",299200.0,126700.0,111000.0,61500.0,111000.0,0.0,Match
Buenaflor3_29,"Hunas, Edelin O.",150000.0,150000.0,0.0,0.0,0.0,0.0,Match
Buenaflor3_30,"Hunas, Edelin O.",535200.0,32816.0,0.0,502384.0,0.0,0.0,Match
Buenaflor3_31,"Ignacio, Althea Mae",225870.0,10000.0,0.0,215870.0,0.0,0.0,Match
Buenaflor3_32,"Kambal, Norhaya",363400.0,0.0,0.0,363400.0,0.0,0.0,Match
Buenaflor3_33,"Kamid, Manilyn",367400.0,5000.0,130300.0,232100.0,130300.0,0.0,Match
Buenaflor3_34,"Lalantacon, Joemar",299200.0,276000.0,0.0,23200.0,0.0,0.0,Match
Buenaflor3_35,"Legarda, Reynald S.",202000.0,82000.0,0.0,120000.0,0.0,0.0,Match
Buenaflor3_36,"Malingco,Maeca Belle",385600.0,5000.0,335600.0,45000.0,335600.0,0.0,Match
Buenaflor3_37,"Mapandala, Sarah B.",204640.0,50000.0,109400.0,45240.0,109400.0,0.0,Match
Buenaflor3_38,"Warda, Kagui M",224400.0,5000.0,99400.0,120000.0,99400.0,0.0,Match
Buenaflor3_39,"Pareñas, Joy L.",698400.0,10000.0,0.0,688400.0,0.0,0.0,Match
Buenaflor3_40,"Pasaporte, Romelyn",349200.0,0.0,-17800.0,367000.0,-17800.0,0.0,Match
Buenaflor3_41,"Prado, Ian Robert",180000.0,180000.0,0.0,0.0,0.0,0.0,Match
Buenaflor3_42,"Ramos, Remalyn P.",240000.0,150000.0,0.0,90000.0,0.0,0.0,Match
Buenaflor3_43,"Razon, Cherry Mae Modesto",328000.0,13500.0,269500.0,45000.0,269500.0,0.0,Match
Buenaflor3_44,"Sendad,Anwar",342200.0,90000.0,236400.0,15800.0,236400.0,0.0,Match
Buenaflor3_45,"Simpal,Vicky C.",195500.0,39000.0,0.0,156500.0,0.0,0.0,Match
Buenaflor3_46,"Sudio,Alma F.",356800.0,40000.0,264000.0,52800.0,264000.0,0.0,Match
Buenaflor3_47,"Tuan,Eleen Mae",472000.0,17800.0,423200.0,31000.0,423200.0,0.0,Match
Buenaflor3_48,"Tantong, Datukong Donde",224400.0,5000.0,144000.0,75400.0,144000.0,0.0,Match
Buenaflor3_49,"Tomias, Joshua Kim",240000.0,100000.0,0.0,140000.0,0.0,0.0,Match
Buenaflor3_55,"Madriaga, Norie B",580000.0,10000.0,570000.0,0.0,570000.0,0.0,Match
Buenaflor3_56,"Belotindos, Veronica C",299200.0,15000.0,257400.0,26800.0,257400.0,0.0,Match
Buenaflor3_57,"Daniel,John Rey",385600.0,20000.0,360600.0,5000.0,360600.0,0.0,Match
Buenaflor3_58,"Fontanilla,Arnel S.",300000.0,300000.0,0.0,0.0,0.0,0.0,Match
Buenaflor3_59,"Erquiza, Eduardo Bagayas Jr",299200.0,93000.0,0.0,206200.0,0.0,0.0,Match
Buenaflor3_63,"Onia, Mary Ann R.",349200.0,10000.0,339200.0,19400.0,319800.0,19400.0,Review
Buenaflor3_64,"Sansalona, Michael Emba",299200.0,6000.0,278200.0,15000.0,278200.0,0.0,Match
Buenaflor3_65,"Flores ,Glory Gene A.",349200.0,0.0,,0.0,349200.0,,Unavailable
Buenaflor3_66,"Tabura, Ariane B",269440.0,10000.0,251440.0,8000.0,251440.0,0.0,Match
Buenaflor3_67,"Baraguir,Soliman Q.",314180.0,200000.0,114180.0,0.0,114180.0,0.0,Match
Buenaflor3_68,"Rellama, Bon Jovi",299200.0,26000.0,270200.0,3000.0,270200.0,0.0,Match
Buenaflor3_72,"Cautivar, Ken",218250.0,0.0,213250.0,5000.0,213250.0,0.0,Match
Buenaflor3_73,"Tolentino, Kathleen Charisse B",349200.0,9700.0,300700.0,38800.0,300700.0,0.0,Match
Buenaflor3_74,"Padernal, Gerld",349200.0,0.0,346700.0,2500.0,346700.0,0.0,Match
Buenaflor3_75,"Paglala,Maribel",385600.0,5000.0,345600.0,35000.0,345600.0,0.0,Match
Buenaflor3_78,Yadao,299200.0,5000.0,294200.0,0.0,294200.0,0.0,Match
Buenaflor3_79,"Gabato, Christine Joy C",328000.0,5000.0,323000.0,0.0,323000.0,0.0,Match
Buenaflor3_80,"Asi, Nora A",349200.0,5000.0,344200.0,0.0,344200.0,0.0,Match
Buenaflor3_81,"Baher, Josie D.",218250.0,0.0,215750.0,2500.0,215750.0,0.0,Match
Buenaflor3_82,"Afdal, Bailyn T.",328000.0,5000.0,323000.0,0.0,323000.0,0.0,Match
Buenaflor3_83,"Doromal, Aislinn Gwyneth",254720.0,10000.0,234720.0,10000.0,234720.0,0.0,Match
Buenaflor3_84,"Dumato, Sittie Farizza N.",328000.0,21766.0,306234.0,0.0,306234.0,0.0,Match
Buenaflor3_85,"Enad, Marineth Seduco",349200.0,5000.0,344200.0,0.0,344200.0,0.0,Match
Buenaflor3_86,"Gara, Alifa Hanna C.",328000.0,30000.0,298000.0,0.0,298000.0,0.0,Match
Buenaflor3_87,"Simpal, Causar A.",328000.0,5000.0,323000.0,0.0,323000.0,0.0,Match
Buenaflor3_88,"Villegas, Dominador",349200.0,10000.0,319200.0,20000.0,319200.0,0.0,Match
Buenaflor3_89,"Angelo, Michael Jay",156400.0,5000.0,138900.0,12500.0,138900.0,0.0,Match
Buenaflor3_90,"Baganian, Wenalyn",276400.0,0.0,261400.0,15000.0,261400.0,0.0,Match
Buenaflor3_91,"Ollos, Mae Ann G.",328000.0,33000.0,295000.0,0.0,295000.0,0.0,Match
Buenaflor3_92,"Quejada,Christine G.",349200.0,0.0,329800.0,29100.0,320100.0,9700.0,Review
Buenaflor3_93,"Dano,Marites C.",492000.0,10000.0,482000.0,0.0,482000.0,0.0,Match
Buenaflor3_94,"Banzales, Reynan",299200.0,20000.0,219800.0,59400.0,219800.0,0.0,Match
Buenaflor3_95,"Abri,Alibai Inok",349200.0,19400.0,329800.0,0.0,329800.0,0.0,Match
Buenaflor 4_2,"Arroza, Johnrie Barrios",464180.0,0.0,0.0,464180.0,0.0,0.0,Match
Buenaflor 4_3,"Atchuela,Norkisa V.",501304.0,10000.0,461304.0,30000.0,461304.0,0.0,Match
Buenaflor 4_4,"Bancaco,Charlie",528000.0,30000.0,465000.0,33000.0,465000.0,0.0,Match
Buenaflor 4_5,"Bigkog,Rina",621600.0,68204.0,430396.0,123000.0,430396.0,0.0,Match
Buenaflor 4_6,"Camales,Jiza Lou",535200.0,10000.0,371200.0,154000.0,371200.0,0.0,Match
Buenaflor 4_7,"Caños, Jr. D.",578400.0,0.0,563400.0,15000.0,563400.0,0.0,Match
Buenaflor 4_8,"Dimaya, Czarina B",592600.0,20000.0,0.0,572600.0,0.0,0.0,Match
Buenaflor 4_9,"Dizon, Jorgu Jovita",578400.0,0.0,0.0,578400.0,0.0,0.0,Match
Buenaflor 4_10,"Lasamana, Ruffaida Makalingkang",400000.0,150000.0,0.0,250000.0,0.0,0.0,Match
Buenaflor 4_11,"Madriaga, Norie B",535200.0,20000.0,0.0,515200.0,0.0,0.0,Match
Buenaflor 4_12,"Mungcal, Cherryl",578400.0,20000.0,255400.0,303000.0,255400.0,0.0,Match
Buenaflor 4_13,"Quidilla, Julie Ann",689600.0,40000.0,0.0,645600.0,4000.0,-4000.0,Review
Buenaflor 4_14,"Salik,Saidel R.",289200.0,70000.0,164200.0,55000.0,164200.0,0.0,Match
Buenaflor 4_15,"Simbajon,Hazel",418400.0,10000.0,178400.0,230000.0,178400.0,0.0,Match
Buenaflor 4_16,"Sumalinog, Ma. Stiffany C",535000.0,5000.0,0.0,530000.0,0.0,0.0,Match
Buenaflor 4_17,"Tinio,Jomar C.",792000.0,15000.0,707000.0,70000.0,707000.0,0.0,Match
Buenaflor 4_18,"Vergara, Guadalupe",225000.0,5000.0,0.0,220000.0,0.0,0.0,Match
Buenaflor 4_22,"Acar, Rojene B",450000.0,5000.0,445000.0,0.0,445000.0,0.0,Match
Buenaflor 4_23,"Malana, Floressa Merced E",356799.0,44600.0,312199.0,0.0,312199.0,0.0,Match
Buenaflor 4_24,"Bigkog, Hennie M.",578400.0,0.0,510196.0,68204.0,510196.0,0.0,Match
Buenaflor 4_27,"Ledesma, Bailyn",267600.0,5000.0,262600.0,0.0,262600.0,0.0,Match
Buenaflor 4_28,"Mosquera, Jenefer Lyn S.",192800.0,0.0,176300.0,16500.0,176300.0,0.0,Match
Buenaflor 4_29,"Sablay, Evelyn B",450000.0,5000.0,445000.0,0.0,445000.0,0.0,Match
Buenaflor 4_30,"Baher, Josie D.",578400.0,2500.0,575900.0,0.0,575900.0,0.0,Match
Buenaflor 4_31,"Canos, Ryan",577860.0,10000.0,567860.0,0.0,567860.0,0.0,Match
Buenaflor 4_35,"Saplaan, Merybeth",578400.0,20000.0,178400.0,380000.0,178400.0,0.0,Match
Buenaflor 5_3,"Adorador,James",206268.0,0.0,,0.0,206268.0,,Unavailable
Buenaflor 5_4,"Adorador,Amy",,5000.0,,0.0,,,Unavailable
Buenaflor 5_5,"Aguilar,David Jr.",206268.0,0.0,,0.0,206268.0,,Unavailable
Buenaflor 5_6,"Ali,Tarhata Tamundo",242668.0,10000.0,232668.0,0.0,232668.0,0.0,Match
Buenaflor 5_7,"Ali,Tahira",242668.0,10000.0,,0.0,232668.0,,Unavailable
Buenaflor 5_8,"Aliman,Norhaya D.",544400.0,2000.0,,0.0,542400.0,,Unavailable
Buenaflor 5_9,"Andaya, Nancy R.",341703.0,44600.0,0.0,276103.0,21000.0,-21000.0,Review
Buenaflor 5_10,"Apostol,Jemajo Elizabeth Eder",85000.0,0.0,-3750.0,500.0,84500.0,-88250.0,Review
Buenaflor 5_11,"Apostol,Princess Mae",110000.0,0.0,,0.0,110000.0,,Unavailable
Buenaflor 5_12,"Arabit,Jetro S.",131920.0,131920.0,0.0,0.0,0.0,0.0,Match
Buenaflor 5_13,"Araña,Jeoffre Jr. P.",288000.0,2320.0,285680.0,0.0,285680.0,0.0,Match
Buenaflor 5_14,"Arciaga, Andrea May",322798.0,3000.0,309798.0,10000.0,309798.0,0.0,Match
Buenaflor 5_15,"Are,Joyssel Ashley",144000.0,0.0,142000.0,2000.0,142000.0,0.0,Match
Buenaflor 5_16,"Arquio,Jasper",288000.0,0.0,,0.0,288000.0,,Unavailable
Buenaflor 5_17,"Baclas,Jean",288000.0,0.0,,0.0,288000.0,,Unavailable
Buenaflor 5_18,"Bajon,Arah",,5000.0,,0.0,,,Unavailable
Buenaflor 5_19,"Bajon, Lorena Botarara",180000.0,0.0,175000.0,5000.0,175000.0,0.0,Match
Buenaflor 5_20,"Bangquiao,Rodel Uy",288000.0,2000.0,286000.0,2000.0,284000.0,2000.0,Review
Buenaflor 5_21,"Batislaong,Lany S.",,2000.0,,0.0,,,Unavailable
Buenaflor 5_22,"Billones,Rodney Mark",144000.0,3000.0,138000.0,3000.0,138000.0,0.0,Match
Buenaflor 5_23,"Biñas,Ghierley",353600.0,15000.0,338600.0,0.0,338600.0,0.0,Match
Buenaflor 5_24,"Bonilla,Eugene III",110000.0,0.0,,0.0,110000.0,,Unavailable
Buenaflor 5_25,"Calizo, Selfa Dumancas",488988.0,5000.0,483988.0,0.0,483988.0,0.0,Match
Buenaflor 5_26,"Campaan,Romel",288000.0,0.0,,0.0,288000.0,,Unavailable
Buenaflor 5_27,"Candelario,Gavino",329120.0,100000.0,229120.0,0.0,229120.0,0.0,Match
Buenaflor 5_28,"Caños,Ryan D.",501212.0,13924.0,459440.0,27848.0,459440.0,0.0,Match
Buenaflor 5_29,"Casiple,Beverly",144000.0,2000.0,142000.0,0.0,142000.0,0.0,Match
Buenaflor 5_30,"Castillo,Teresa",132668.0,0.0,,0.0,132668.0,,Unavailable
Buenaflor 5_31,"Cataluña,Ricky R.",144000.0,0.0,,0.0,144000.0,,Unavailable
Buenaflor 5_32,"Celiz,Edwin L.",144000.0,2000.0,142000.0,0.0,142000.0,0.0,Match
Buenaflor 5_33,"Coniega,Evelyn",144000.0,2000.0,140000.0,2000.0,140000.0,0.0,Match
Buenaflor 5_34,"Consabo,Ferlou Well P.",176000.0,15000.0,161000.0,0.0,161000.0,0.0,Match
Buenaflor 5_35,"Coyoca,Reann Claire",121334.0,10000.0,111334.0,0.0,111334.0,0.0,Match
Buenaflor 5_36,"Dadivas,Jomelyn",132668.0,2210.0,130458.0,0.0,130458.0,0.0,Match
Buenaflor 5_37,"Dalamban,Romena",175000.0,0.0,0.0,0.0,175000.0,-175000.0,Review
Buenaflor 5_38,"Dalida,Crisanto",144000.0,2000.0,142000.0,0.0,142000.0,0.0,Match
Buenaflor 5_39,"Damasco,Irene Rom",,0.0,,0.0,,,Unavailable
Buenaflor 5_40,"Dared,Parisa Adam",242668.0,5000.0,237668.0,0.0,237668.0,0.0,Match
Buenaflor 5_41,"Darjan,Richard E.",360000.0,5000.0,355000.0,0.0,355000.0,0.0,Match
Buenaflor 5_42,"Darullo,Ronel",288000.0,4000.0,280000.0,4000.0,280000.0,0.0,Match
Buenaflor 5_43,"Defensor,Jueve S.",288000.0,2700.0,285300.0,0.0,285300.0,0.0,Match
Buenaflor 5_44,"Deke,Nelson J.",110000.0,0.0,,0.0,110000.0,,Unavailable
Buenaflor 5_45,"Delongpongan,Jusop Mar",144000.0,0.0,,0.0,144000.0,,Unavailable
Buenaflor 5_46,"Diaz,Joan",,0.0,,0.0,,,Unavailable
Buenaflor 5_47,"Elisan,Mary Joy",530400.0,68000.0,462400.0,0.0,462400.0,0.0,Match
Buenaflor 5_48,"Equipado,Benito Jr.",394672.0,0.0,,0.0,394672.0,,Unavailable
Buenaflor 5_49,"Farinas, Mary Jean G.",226668.0,15000.0,0.0,187668.0,24000.0,-24000.0,Review
Buenaflor 5_50,"Fernando,Estelita",132668.0,2211.0,130457.0,0.0,130457.0,0.0,Match
Buenaflor 5_51,"Fernando,Jun",288000.0,2500.0,285500.0,0.0,285500.0,0.0,Match
Buenaflor 5_52,"Fernando,Welito",110000.0,6000.0,104000.0,0.0,104000.0,0.0,Match
Buenaflor 5_53,"Flores,Lito N.",144000.0,2000.0,140000.0,2000.0,140000.0,0.0,Match
Buenaflor 5_54,"Francisco,Julius C.",288000.0,4000.0,280000.0,4000.0,280000.0,0.0,Match
Buenaflor 5_55,"Hermopia, April Ann Jara",340200.0,0.0,321290.0,18910.0,321290.0,0.0,Match
Buenaflor 5_56,"Gabales,Leli Mae",288000.0,2000.0,286000.0,0.0,286000.0,0.0,Match
Buenaflor 5_57,"Gabales,Vincent Nicolas",68000.0,68000.0,0.0,0.0,0.0,0.0,Match
Buenaflor 5_58,"Galeno, Medelyn Ignacio",231284.0,5000.0,186284.0,37000.0,189284.0,-3000.0,Review
Buenaflor 5_59,"Gammad,Rodjhon Afdal",368000.0,5200.0,362800.0,0.0,362800.0,0.0,Match
Buenaflor 5_60,"Gandal, Noel Delos Santos",,2000.0,,0.0,,,Unavailable
Buenaflor 5_61,"Garcia,Edward",281212.0,30000.0,220212.0,31000.0,220212.0,0.0,Match
Buenaflor 5_62,"Gascon,Edna B.",144000.0,2000.0,142000.0,0.0,142000.0,0.0,Match
Buenaflor 5_63,"Gascon,Rona Laine",653310.0,6000.0,645310.0,2000.0,645310.0,0.0,Match
Buenaflor 5_64,"Gaspar, Marvin",144000.0,0.0,,2000.0,142000.0,,Unavailable
Buenaflor 5_65,"Guialo,Rakma",158668.0,0.0,53668.0,0.0,158668.0,-105000.0,Review
Buenaflor 5_66,"Lames,Sheila",281212.0,7812.0,265588.0,7812.0,265588.0,0.0,Match
Buenaflor 5_67,"Ledesma, Arlyn Galeno",479400.0,5000.0,377900.0,101500.0,372900.0,5000.0,Review
Buenaflor 5_68,"Lumambas,Yasser",68000.0,5000.0,28000.0,35000.0,28000.0,0.0,Match
Buenaflor 5_69,"Lumawan,Simatar",212000.0,2000.0,210000.0,0.0,210000.0,0.0,Match
Buenaflor 5_70,"Lumenda,Bai Febraida",242668.0,5000.0,237668.0,0.0,237668.0,0.0,Match
Buenaflor 5_71,"Macote,Rommel C.",272160.0,10000.0,262160.0,0.0,262160.0,0.0,Match
Buenaflor 5_72,"Malcontento,Princess Angel",864000.0,10000.0,844000.0,10000.0,844000.0,0.0,Match
Buenaflor 5_73,"Mamalangkap,Bai Sarah",242668.0,5000.0,237668.0,0.0,237668.0,0.0,Match
Buenaflor 5_74,"Mariano,Airishvet",68000.0,68000.0,0.0,0.0,0.0,0.0,Match
Buenaflor 5_75,"Menson,Aisa",197336.0,10000.0,187336.0,0.0,187336.0,0.0,Match
Buenaflor 5_76,"Miura,Donadith Joy",281212.0,7812.0,265588.0,7812.0,265588.0,0.0,Match
Buenaflor 5_77,"Montazi,Beljare",110000.0,3000.0,103944.0,3056.0,103944.0,0.0,Match
Buenaflor 5_78,"Monteson,Teddy A.",222268.0,20000.0,142268.0,60000.0,142268.0,0.0,Match
Buenaflor 5_79,"Navarra,Evangeline",369600.0,2500.0,364600.0,2500.0,364600.0,0.0,Match
Buenaflor 5_80,"Niñora,Jane Rose",110000.0,2000.0,108000.0,0.0,108000.0,0.0,Match
Buenaflor 5_81,"Otto,Guiamalon",226668.0,0.0,106668.0,75000.0,151668.0,-45000.0,Review
Buenaflor 5_82,"Pablo,Antonio",212000.0,2000.0,210000.0,0.0,210000.0,0.0,Match
Buenaflor 5_83,"Paculba,Mary Eden",288000.0,4000.0,284000.0,0.0,284000.0,0.0,Match
Buenaflor 5_84,"Palcis,Archie Galeno",231284.0,0.0,163574.0,49805.0,181479.0,-17905.0,Review
Buenaflor 5_85,"Palmares,Joy",288000.0,4000.0,280000.0,4000.0,280000.0,0.0,Match
Buenaflor 5_86,"Palo,Wharloun C.",288000.0,4000.0,284000.0,0.0,284000.0,0.0,Match
Buenaflor 5_87,"Paloma,Sheilanie",136000.0,136000.0,0.0,0.0,0.0,0.0,Match
Buenaflor 5_88,"Pasandalan,Moktar",,25000.0,,0.0,,,Unavailable
Buenaflor 5_89,"Parantar,Jerald Alcuizar",231284.0,0.0,169542.0,45921.0,185363.0,-15821.0,Review
Buenaflor 5_90,"Parcon,Stevelyn Navarro",398004.0,4633.0,391371.0,2000.0,391371.0,0.0,Match
Buenaflor 5_91,"Piang,Jo -Ann Hayna",265336.0,4450.0,260886.0,0.0,260886.0,0.0,Match
Buenaflor 5_92,"Racsa,Maricel Retialo",68000.0,0.0,,0.0,68000.0,,Unavailable
Buenaflor 5_93,"Retialo,Janet",68000.0,0.0,,0.0,68000.0,,Unavailable
Buenaflor 5_94,"Rodriguez,Suellen Escalera",176000.0,5000.0,171000.0,0.0,171000.0,0.0,Match
Buenaflor 5_95,"Romero,Joycele",,2000.0,,0.0,,,Unavailable
Buenaflor 5_96,"Rio,Jolelyn",132668.0,2200.0,130468.0,0.0,130468.0,0.0,Match
Buenaflor 5_97,"Saducos,John Churchill Gil L.",218900.0,6100.0,212800.0,0.0,212800.0,0.0,Match
Buenaflor 5_98,"Salmo,Analyn F.",110000.0,3000.0,104000.0,3000.0,104000.0,0.0,Match
Buenaflor 5_99,"Sally,Mariam Sapi",87334.0,5000.0,74834.0,7500.0,74834.0,0.0,Match
Buenaflor 5_100,"Sally,Mina Sapi",,10000.0,,0.0,,,Unavailable
Buenaflor 5_101,"Sampoling,Sharon Tayco",288000.0,4000.0,284000.0,0.0,284000.0,0.0,Match
Buenaflor 5_102,"Seguban,Jonalyn",110000.0,0.0,,0.0,110000.0,,Unavailable
Buenaflor 5_103,"Seguban,Jonalyn",220000.0,3056.0,216944.0,3056.0,213888.0,3056.0,Review
Buenaflor 5_104,"Sentinta,Jomar Apellido",144000.0,2000.0,140000.0,2000.0,140000.0,0.0,Match
Buenaflor 5_105,"Sentinta,Norberto Nicolas",144000.0,2000.0,142000.0,0.0,142000.0,0.0,Match
Buenaflor 5_106,"Seredica,Charise",144000.0,2000.0,140000.0,2000.0,140000.0,0.0,Match
Buenaflor 5_107,"Seredica,Rannie",,2000.0,,4000.0,,,Unavailable
Buenaflor 5_108,"Simon,Shielou C.",136000.0,4000.0,106000.0,26000.0,106000.0,0.0,Match
Buenaflor 5_109,"Smith,Shania Chelsea Nono",144000.0,2000.0,140000.0,2000.0,140000.0,0.0,Match
Buenaflor 5_110,"Sodusta,Jheve Defensor",,2700.0,,0.0,,,Unavailable
Buenaflor 5_111,"Suminda,Norhana",110000.0,0.0,,0.0,110000.0,,Unavailable
Buenaflor 5_112,"Taburnal,Mark Joseph",110000.0,10000.0,97000.0,3000.0,97000.0,0.0,Match
Buenaflor 5_113,"Taburnal,Mark Joseph",68000.0,58000.0,0.0,0.0,10000.0,-10000.0,Review
Buenaflor 5_114,"Talib,Sulobai",,0.0,,21000.0,,,Unavailable
Buenaflor 5_115,"Tagusi,Sonia",,2000.0,,0.0,,,Unavailable
Buenaflor 5_116,"Tingson,Jailyn",174000.0,0.0,,0.0,174000.0,,Unavailable
Buenaflor 5_117,"Tingson,Shena",121334.0,0.0,,0.0,121334.0,,Unavailable
Buenaflor 5_118,"Torano,Reynald V.",288000.0,4000.0,280000.0,4000.0,280000.0,0.0,Match
Buenaflor 5_119,"Umali,Vanessa Pearl",,5000.0,,0.0,,,Unavailable
Buenaflor 5_120,"Utto,Jonalyn",288000.0,4000.0,258200.0,25300.0,258700.0,-500.0,Review
Buenaflor 5_121,"Villapa,Lady Rose",369600.0,2500.0,364100.0,3000.0,364100.0,0.0,Match
Buenaflor 5_122,"Villaraiz,Roldan",,0.0,,0.0,,,Unavailable
Buenaflor 5_129,"Delgado, Rizza",360000.0,0.0,355000.0,5000.0,355000.0,0.0,Match
Buenaflor 5_130,"Galeno, Medelyn Ignacio",693852.0,5000.0,685852.0,13800.0,675052.0,10800.0,Review
Buenaflor 5_131,"Jayawon,Joeffry",200400.0,0.0,170400.0,11200.0,189200.0,-18800.0,Review
Buenaflor 5_132,"Ofrecio, Juvy R.",283336.0,44100.0,169236.0,70000.0,169236.0,0.0,Match
Buenaflor 5_135,"Eliseo,Analu P.",180000.0,0.0,177500.0,2500.0,177500.0,0.0,Match
Buenaflor 5_136,"Procalla,Vilma",180000.0,0.0,177500.0,0.0,180000.0,-2500.0,Review
Buenaflor 5_137,"Orbita,Raymond",99167.0,0.0,51167.0,0.0,99167.0,-48000.0,Review
Buenaflor 5_142,"Bajon, Arah",180000.0,0.0,180000.0,0.0,180000.0,0.0,Match
Buenaflor 5_143,"Bajon, Rashel Mae",180000.0,0.0,180000.0,0.0,180000.0,0.0,Match
Buenaflor 6_2,"Vingno,Ernie",,30500.0,205500.0,0.0,,,Unavailable
