payment_id,account_id,payment_date,amount,payment_type,or_ar_number,raw_remark
1,Buenaflor1_2,2020-10-26,235000.0,Installment,,
2,Buenaflor1_2,,1000.0,DAS Fee,,DAS
3,Buenaflor1_4,2020-06-03,30000.0,Installment,,
4,Buenaflor1_4,2020-10-12,50000.0,Installment,,
5,Buenaflor1_4,2024-05-15,5000.0,Installment,,
6,Buenaflor1_4,2025-05-22,65000.0,Installment,,
7,Buenaflor1_4,2025-07-01,30000.0,Installment,,
8,Buenaflor1_5,2020-06-16,40000.0,Installment,,
9,Buenaflor1_5,,500.0,DCS Fee,,DCS
10,Buenaflor1_5,2020-07-11,27678.0,Installment,,
11,Buenaflor1_5,2020-07-11,5577.0,Installment,,
12,Buenaflor1_5,2020-09-12,17000.0,Installment,,
13,Buenaflor1_5,2020-10-01,15000.0,Installment,,
14,Buenaflor1_5,2020-10-12,22000.0,Installment,,
15,Buenaflor1_5,2021-02-13,14000.0,Installment,,
16,Buenaflor1_5,2021-02-20,10000.0,Installment,,
17,Buenaflor1_5,2021-02-22,10000.0,Installment,,
18,Buenaflor1_5,2021-03-15,10000.0,Installment,,
19,Buenaflor1_5,2021-04-10,14500.0,Installment,,
20,Buenaflor1_5,2021-05-18,10000.0,Installment,,
21,Buenaflor1_5,2021-07-17,10000.0,Installment,,
22,Buenaflor1_5,2021-07-31,20000.0,Installment,,
23,Buenaflor1_5,2021-10-23,14274.0,Installment,,
24,Buenaflor1_5,,1000.0,DAS Fee,,DAS
25,Buenaflor1_6,2020-06-17,30000.0,Installment,,
26,Buenaflor1_6,2020-07-25,9600.0,Installment,,
27,Buenaflor1_6,2020-09-30,9600.0,Installment,,
28,Buenaflor1_6,2020-11-28,9600.0,Installment,,
29,Buenaflor1_6,,100000.0,Installment,,montilla
30,Buenaflor1_6,2023-07-01,101600.0,Installment,,
31,Buenaflor1_6,,1000.0,DAS Fee,,DAS
32,Buenaflor1_7,2020-06-20,30000.0,Installment,,
33,Buenaflor1_7,2020-07-24,20000.0,Installment,,
34,Buenaflor1_7,2020-10-28,20000.0,Installment,,
35,Buenaflor1_7,2020-11-26,20000.0,Installment,,
36,Buenaflor1_7,2021-02-03,9600.0,Installment,,
37,Buenaflor1_7,2021-02-25,9600.0,Installment,,
38,Buenaflor1_7,2021-03-30,9600.0,Installment,,
39,Buenaflor1_7,2021-04-24,9600.0,Installment,,
40,Buenaflor1_7,2021-05-22,9600.0,Installment,,
41,Buenaflor1_7,2021-06-25,9600.0,Installment,,
42,Buenaflor1_7,2021-07-22,9600.0,Installment,,
43,Buenaflor1_7,2021-08-25,9600.0,Installment,,
44,Buenaflor1_7,2021-09-29,7000.0,Installment,,
45,Buenaflor1_7,2021-10-25,5000.0,Installment,,
46,Buenaflor1_7,2021-11-27,5000.0,Installment,,
47,Buenaflor1_7,2021-12-28,5000.0,Installment,,
48,Buenaflor1_7,2022-01-22,5000.0,Installment,,
49,Buenaflor1_7,2022-02-21,11000.0,Installment,,
50,Buenaflor1_7,2022-03-31,11000.0,Installment,,
51,Buenaflor1_7,2022-04-29,10000.0,Installment,,
52,Buenaflor1_7,2022-05-17,14000.0,Installment,,
53,Buenaflor1_7,2022-07-02,5000.0,Installment,,
54,Buenaflor1_7,2022-07-30,6000.0,Installment,,
55,Buenaflor1_7,2022-09-06,4000.0,Installment,,
56,Buenaflor1_7,2022-09-23,5600.0,Installment,,
57,Buenaflor1_7,,1500.0,DAS Fee,,DAS
58,Buenaflor1_8,2020-05-19,20000.0,Installment,,
59,Buenaflor1_8,2020-09-21,20000.0,Installment,,
60,Buenaflor1_8,2022-05-12,10000.0,Installment,,
61,Buenaflor1_8,2022-11-15,50000.0,Installment,,
62,Buenaflor1_8,2023-04-05,10000.0,Installment,,
63,Buenaflor1_8,2023-05-31,10000.0,Installment,,
64,Buenaflor1_8,2024-03-08,40000.0,Installment,,
65,Buenaflor1_8,2026-01-23,20000.0,Installment,,
66,Buenaflor1_9,2020-06-03,40000.0,Installment,,
67,Buenaflor1_9,2020-07-02,9600.0,Installment,,
68,Buenaflor1_9,2020-08-01,9600.0,Installment,,
69,Buenaflor1_9,2020-09-07,9600.0,Installment,,
70,Buenaflor1_9,2020-10-07,9600.0,Installment,,
71,Buenaflor1_9,2020-11-13,9600.0,Installment,,
72,Buenaflor1_9,2020-12-23,9600.0,Installment,,
73,Buenaflor1_9,2021-01-21,9600.0,Installment,,
74,Buenaflor1_9,2021-03-05,9600.0,Installment,,
75,Buenaflor1_9,2021-04-09,9600.0,Installment,,
76,Buenaflor1_9,2021-05-20,9600.0,Installment,,
77,Buenaflor1_9,2021-06-30,10600.0,Installment,,
78,Buenaflor1_9,2021-08-13,8600.0,Installment,,
79,Buenaflor1_9,2021-09-10,9600.0,Installment,,
80,Buenaflor1_9,2021-11-22,9600.0,Installment,,
81,Buenaflor1_9,2022-01-25,8000.0,Installment,,
82,Buenaflor1_9,2022-03-15,9600.0,Installment,,
83,Buenaflor1_9,2022-04-18,9600.0,Installment,,
84,Buenaflor1_9,2022-05-18,9600.0,Installment,,
85,Buenaflor1_9,2022-06-21,9600.0,Installment,,
86,Buenaflor1_9,2022-08-01,9600.0,Installment,,
87,Buenaflor1_9,2022-09-19,9600.0,Installment,,
88,Buenaflor1_9,2022-10-22,10000.0,Installment,,
89,Buenaflor1_9,,2600.0,DAS Fee,,DAS
90,Buenaflor1_10,2020-06-15,56161.0,Installment,,
91,Buenaflor1_10,2020-07-01,38400.0,Installment,,
92,Buenaflor1_10,2020-08-31,38404.0,Installment,,
93,Buenaflor1_10,2021-03-01,38404.0,Installment,,
94,Buenaflor1_10,2021-04-29,38400.0,Installment,,
95,Buenaflor1_10,2021-06-29,38400.0,Installment,,
96,Buenaflor1_10,2021-08-24,38400.0,Installment,,
97,Buenaflor1_10,2021-10-30,38400.0,Installment,,
98,Buenaflor1_10,2022-01-03,38400.0,Installment,,
99,Buenaflor1_10,2022-03-02,38400.0,Installment,,
100,Buenaflor1_10,2022-05-04,38400.0,Installment,,
101,Buenaflor1_10,2023-02-06,2500.0,Installment,,
102,Buenaflor1_11,2020-06-30,20000.0,Installment,,
103,Buenaflor1_11,2020-07-29,25000.0,Installment,,
104,Buenaflor1_11,,500.0,DCS Fee,,DCS
105,Buenaflor1_11,2021-08-29,9600.0,Installment,,
106,Buenaflor1_11,2020-09-29,9800.0,Installment,,
107,Buenaflor1_11,2020-10-30,9400.0,Installment,,
108,Buenaflor1_11,2020-11-30,9600.0,Installment,,
109,Buenaflor1_11,2020-12-29,9600.0,Installment,,
110,Buenaflor1_11,2021-01-29,9600.0,Installment,,
111,Buenaflor1_11,2021-03-03,9600.0,Installment,,
112,Buenaflor1_11,2021-03-30,9600.0,Installment,,
113,Buenaflor1_11,2021-04-30,9600.0,Installment,,
114,Buenaflor1_11,2021-06-05,9600.0,Installment,,
115,Buenaflor1_11,2021-07-02,9600.0,Installment,,
116,Buenaflor1_11,2021-07-30,9600.0,Installment,,
117,Buenaflor1_11,2021-08-30,9600.0,Installment,,
118,Buenaflor1_11,2021-10-05,9600.0,Installment,,
119,Buenaflor1_11,2021-10-30,9600.0,Installment,,
120,Buenaflor1_11,2021-11-29,9600.0,Installment,,
121,Buenaflor1_11,2022-01-03,9600.0,Installment,,
122,Buenaflor1_11,2022-01-27,9600.0,Installment,,
123,Buenaflor1_11,2022-02-26,9600.0,Installment,,
124,Buenaflor1_11,2022-03-24,9600.0,Installment,,
125,Buenaflor1_11,2022-05-10,9600.0,Installment,,
126,Buenaflor1_11,2022-06-09,15000.0,Installment,,
127,Buenaflor1_11,2022-07-29,13800.0,Installment,,
128,Buenaflor1_11,,1800.0,DAS Fee,,DAS
129,Buenaflor1_12,2020-06-09,30000.0,Installment,,
130,Buenaflor1_12,2020-06-09,9600.0,Installment,,
131,Buenaflor1_12,2020-07-16,19200.0,Installment,,
132,Buenaflor1_12,2020-10-12,19200.0,Installment,,
133,Buenaflor1_12,2020-11-12,9600.0,Installment,,
134,Buenaflor1_12,2020-12-18,9600.0,Installment,,
135,Buenaflor1_12,2021-01-12,9600.0,Installment,,
136,Buenaflor1_12,2021-02-19,9600.0,Installment,,
137,Buenaflor1_12,2021-03-06,100000.0,Installment,,
138,Buenaflor1_12,,1000.0,DAS Fee,,DAS
139,Buenaflor1_14,2024-04-05,7500.0,Installment,,
140,Buenaflor1_14,2024-05-07,10500.0,Installment,,
141,Buenaflor1_14,2024-07-08,15000.0,Installment,,
142,Buenaflor1_14,2025-02-05,9000.0,Installment,,
143,Buenaflor1_14,2026-03-23,5000.0,Installment,,
144,Buenaflor1_14,2026-08-27,30000.0,Installment,,
145,Buenaflor1_15,2020-07-01,80000.0,Installment,,
146,Buenaflor1_15,2020-08-03,37500.0,Installment,,
147,Buenaflor1_15,2020-09-03,37500.0,Installment,,
148,Buenaflor1_15,2020-10-07,37500.0,Installment,,
149,Buenaflor1_15,2020-11-13,37500.0,Installment,,
150,Buenaflor1_15,2020-12-30,37500.0,Installment,,
151,Buenaflor1_15,2021-01-11,37500.0,Installment,,
152,Buenaflor1_15,2021-03-12,75000.0,Installment,,
153,Buenaflor1_15,2021-05-22,37500.0,Installment,,
154,Buenaflor1_15,2021-07-01,37500.0,Installment,,
155,Buenaflor1_15,2021-08-04,37500.0,Installment,,
156,Buenaflor1_15,2021-11-12,37500.0,Installment,,
157,Buenaflor1_15,2021-12-04,37500.0,Installment,,
158,Buenaflor1_15,2022-01-05,37500.0,Installment,,
159,Buenaflor1_15,2022-02-22,37500.0,Installment,,
160,Buenaflor1_15,2022-08-27,75000.0,Installment,,
161,Buenaflor1_15,2022-09-09,82500.0,Installment,,
162,Buenaflor1_15,,4000.0,DAS Fee,,DAS
163,Buenaflor1_16,2020-06-12,115000.0,Installment,,
164,Buenaflor1_16,2020-07-24,6000.0,Installment,,
165,Buenaflor1_16,2021-01-12,6000.0,Installment,,
166,Buenaflor1_16,2021-02-23,6000.0,Installment,,
167,Buenaflor1_16,2021-05-03,6000.0,Installment,,
168,Buenaflor1_16,2021-05-22,6000.0,Installment,,
169,Buenaflor1_16,2021-11-29,5000.0,Installment,,
170,Buenaflor1_16,2022-05-20,10200.0,Installment,,
171,Buenaflor1_16,,54600.0,Installment,,tina payment
172,Buenaflor1_16,2023-12-20,5400.0,Installment,,
173,Buenaflor1_16,2024-01-22,15000.0,Installment,,
174,Buenaflor1_16,2024-05-04,40000.0,Installment,,
175,Buenaflor1_16,,1000.0,DAS Fee,,DAS
176,Buenaflor1_18,2020-06-11,35000.0,Installment,,
177,Buenaflor1_18,2020-07-23,9600.0,Installment,,
178,Buenaflor1_18,,500.0,DCS Fee,,dcs
179,Buenaflor1_18,2020-08-29,9600.0,Installment,,
180,Buenaflor1_18,2020-11-11,9600.0,Installment,,
181,Buenaflor1_18,2020-12-01,9600.0,Installment,,
182,Buenaflor1_18,2020-12-30,9600.0,Installment,,
183,Buenaflor1_18,2021-02-02,9600.0,Installment,,
184,Buenaflor1_18,2021-03-30,9600.0,Installment,,
185,Buenaflor1_18,2021-05-17,9600.0,Installment,,
186,Buenaflor1_18,2021-06-15,9600.0,Installment,,
187,Buenaflor1_18,2021-07-14,9600.0,Installment,,
188,Buenaflor1_18,2021-09-13,19200.0,Installment,,
189,Buenaflor1_18,2021-11-12,9600.0,Installment,,
190,Buenaflor1_18,2021-12-16,9600.0,Installment,,
191,Buenaflor1_18,2022-02-14,9600.0,Installment,,
192,Buenaflor1_18,2022-04-20,5000.0,Installment,,
193,Buenaflor1_18,2022-05-14,9600.0,Installment,,
194,Buenaflor1_18,2022-06-18,71800.0,Installment,,
195,Buenaflor1_18,,1000.0,DAS Fee,,DAS
196,Buenaflor1_19,2020-07-03,15000.0,Installment,,
197,Buenaflor1_19,2020-08-07,10000.0,Installment,,
198,Buenaflor1_19,2020-09-04,10000.0,Installment,,
199,Buenaflor1_19,2020-12-07,31500.0,Installment,,
200,Buenaflor1_19,2021-02-10,20000.0,Installment,,
201,Buenaflor1_19,2021-04-21,35000.0,Installment,,
202,Buenaflor1_19,2021-06-08,30000.0,Installment,,
203,Buenaflor1_19,2021-08-04,30000.0,Installment,,
204,Buenaflor1_19,2021-10-05,26000.0,Installment,,
205,Buenaflor1_19,2021-12-09,37500.0,Installment,,
206,Buenaflor1_19,,1000.0,DAS Fee,,DAS
207,Buenaflor1_21,2020-07-05,10000.0,Installment,,
208,Buenaflor1_21,,1256.0,DCS Fee,,DCS
209,Buenaflor1_22,2020-09-11,10000.0,Installment,,
210,Buenaflor1_22,2020-11-24,10000.0,Installment,,
211,Buenaflor1_22,2021-02-01,5000.0,Installment,,
212,Buenaflor1_22,2021-05-17,25000.0,Installment,,
213,Buenaflor1_22,2021-11-29,20000.0,Installment,,
214,Buenaflor1_22,2022-01-17,5000.0,Installment,,
215,Buenaflor1_22,2022-07-29,5000.0,Installment,,
216,Buenaflor1_22,2022-09-05,10000.0,Installment,,
217,Buenaflor1_22,2023-09-13,10000.0,Installment,,
218,Buenaflor1_22,2023-12-29,5000.0,Installment,,
219,Buenaflor1_22,2024-01-05,5000.0,Installment,,
220,Buenaflor1_22,2024-11-12,5000.0,Installment,,
221,Buenaflor1_22,2024-11-23,5000.0,Installment,,
222,Buenaflor1_22,2024-12-24,5000.0,Installment,,
223,Buenaflor1_22,2025-01-22,10000.0,Installment,,
224,Buenaflor1_22,2025-01-03,1000.0,Installment,,
225,Buenaflor1_22,2025-01-03,1000.0,Installment,,
226,Buenaflor1_22,2025-02-13,10000.0,Installment,,
227,Buenaflor1_22,2026-05-30,5000.0,Installment,,
228,Buenaflor1_22,2026-07-07,5000.0,Installment,,
229,Buenaflor1_22,2026-08-24,5000.0,Installment,,
230,Buenaflor1_24,2020-06-13,180000.0,Installment,,
231,Buenaflor1_24,2020-06-19,20000.0,Installment,,
232,Buenaflor1_24,2020-08-14,100000.0,Installment,,
233,Buenaflor1_24,2021-04-14,20000.0,Installment,,
234,Buenaflor1_24,2022-11-05,20000.0,Installment,,
235,Buenaflor1_24,2023-01-06,25000.0,Installment,,
236,Buenaflor1_24,2023-03-24,15000.0,Installment,,
237,Buenaflor1_24,2023-05-11,40400.0,Installment,,
238,Buenaflor1_24,,2500.0,DAS Fee,,DAS
239,Buenaflor1_24,,300.0,SPA Fee,,SPA
240,Buenaflor1_25,2023-02-17,10000.0,Installment,,
241,Buenaflor1_25,2023-08-02,69000.0,Installment,,
242,Buenaflor1_25,,2250.0,DAS Fee,,DAS
243,Buenaflor1_26,2021-04-15,30000.0,Installment,,
244,Buenaflor1_26,2021-07-23,15000.0,Installment,,
245,Buenaflor1_26,2021-09-21,10000.0,Installment,,
246,Buenaflor1_26,2021-11-17,20000.0,Installment,,
247,Buenaflor1_26,2022-01-12,25000.0,Installment,,
248,Buenaflor1_26,2022-03-25,20000.0,Installment,,
249,Buenaflor1_26,2022-07-23,74400.0,Installment,,
250,Buenaflor1_27,2021-01-29,75000.0,Installment,,
251,Buenaflor1_27,2021-04-17,5000.0,Installment,,
252,Buenaflor1_27,,1200.0,DAS Fee,,DAS
253,Buenaflor1_28,2022-01-06,30000.0,Installment,,
254,Buenaflor1_28,2022-03-08,10000.0,Installment,,
255,Buenaflor1_28,2022-05-05,10000.0,Installment,,
256,Buenaflor1_28,2022-08-01,12000.0,Installment,,
257,Buenaflor1_29,,1000.0,DAS Fee,,DAS
258,Buenaflor1_30,2020-07-08,40000.0,Installment,,
259,Buenaflor1_30,2020-08-10,9600.0,Installment,,
260,Buenaflor1_30,2020-09-07,9600.0,Installment,,
261,Buenaflor1_30,2020-10-06,19200.0,Installment,,
262,Buenaflor1_30,2020-12-28,19200.0,Installment,,
263,Buenaflor1_30,2021-03-03,15000.0,Installment,,
264,Buenaflor1_30,2021-05-04,14385.0,Installment,,
265,Buenaflor1_30,2021-07-07,19200.0,Installment,,
266,Buenaflor1_30,2021-08-31,9600.0,Installment,,
267,Buenaflor1_30,2021-11-09,9600.0,Installment,,
268,Buenaflor1_30,2022-01-10,19200.0,Installment,,
269,Buenaflor1_30,2022-02-25,19200.0,Installment,,
270,Buenaflor1_30,2022-05-12,38400.0,Installment,,
271,Buenaflor1_30,2022-05-23,9600.0,Installment,,
272,Buenaflor1_30,2022-06-20,9600.0,Installment,,
273,Buenaflor1_30,2022-07-29,9015.0,Installment,,
274,Buenaflor1_30,,2800.0,DAS Fee,,DAS
275,Buenaflor1_34,2020-07-31,5000.0,Installment,,
276,Buenaflor1_35,2020-06-05,15000.0,Installment,,
277,Buenaflor1_35,2020-07-01,10000.0,Installment,,
278,Buenaflor1_35,2020-08-08,10000.0,Installment,,
279,Buenaflor1_35,2020-10-20,8000.0,Installment,,
280,Buenaflor1_35,2021-04-13,-27500.0,Refund,,"REFUNDED - 4/13/2021 - 27,500"
281,Buenaflor1_36,2021-09-07,-4400.0,Refund,,"REFUNDED - 9/7/2021 - 4,400 + DCS 600"
282,Buenaflor1_37,2021-07-08,-2500.0,Refund,,"REFUNDED - 7/8/2021 - 2,500"
283,Buenaflor1_41,,1.0,Installment,,TONOG
284,Buenaflor1_42,2020-08-19,23000.0,Installment,,
285,Buenaflor1_42,,2.0,Installment,,TONOG
286,Buenaflor1_43,2022-07-28,5000.0,Installment,,
287,Buenaflor1_43,2022-11-10,-10000.0,Refund,,"Refund-11/10/2022-10,000"
288,Buenaflor1_44,2020-05-28,12000.0,Installment,,
289,Buenaflor1_44,2020-07-11,9600.0,Installment,,
290,Buenaflor1_44,2020-08-31,9600.0,Installment,,
291,Buenaflor1_44,2020-10-29,9600.0,Installment,,
292,Buenaflor1_44,2020-11-20,9600.0,Installment,,
293,Buenaflor1_44,2020-12-29,9600.0,Installment,,
294,Buenaflor1_44,2021-02-24,9600.0,Installment,,
295,Buenaflor1_44,2021-03-24,19200.0,Installment,,
296,Buenaflor1_44,2021-05-24,9600.0,Installment,,
297,Buenaflor1_44,2021-07-08,20000.0,Installment,,
298,Buenaflor1_44,2021-08-27,10000.0,Installment,,
299,Buenaflor1_44,2021-09-27,9600.0,Installment,,
300,Buenaflor1_45,2020-08-23,25000.0,Installment,,
301,Buenaflor1_45,,500.0,DCS Fee,,dcs
302,Buenaflor1_45,2020-09-21,9600.0,Installment,,
303,Buenaflor1_45,2020-10-24,9600.0,Installment,,
304,Buenaflor1_45,2021-01-11,19200.0,Installment,,
305,Buenaflor1_46,2024-09-09,-10000.0,Refund,,"50% refunded:10,000(9/9/2024)"
306,Buenaflor1_49,2020-06-27,220000.0,Installment,,
307,Buenaflor1_51,2020-05-18,80000.0,Installment,,
308,Buenaflor1_51,2020-06-08,100000.0,Installment,,
309,Buenaflor1_51,2020-06-16,100000.0,Installment,,
310,Buenaflor1_51,2020-06-30,100000.0,Installment,,
311,Buenaflor1_51,2020-07-07,80000.0,Installment,,
312,Buenaflor1_51,,2000.0,DAS Fee,,das
313,Buenaflor1_52,2021-07-17,220000.0,Installment,,
314,Buenaflor1_52,,1000.0,DAS Fee,,DAS
315,Buenaflor1_57,2020-06-22,7500.0,Installment,,
316,Buenaflor1_57,2020-12-28,10000.0,Installment,,
317,Buenaflor2_2,2020-10-07,50000.0,Installment,,
318,Buenaflor2_2,2020-12-08,65000.0,Installment,,
319,Buenaflor2_2,,700.0,DAS Fee,,DAS
320,Buenaflor2_3,2021-01-26,133340.0,Installment,,
321,Buenaflor2_3,,1000.0,DAS Fee,,DAS
322,Buenaflor2_4,2020-09-15,15000.0,Installment,,
323,Buenaflor2_4,2020-10-16,15000.0,Installment,,
324,Buenaflor2_4,2020-11-16,15000.0,Installment,,
325,Buenaflor2_4,2020-12-14,10000.0,Installment,,
326,Buenaflor2_4,2021-01-13,19000.0,Installment,,
327,Buenaflor2_4,2021-03-02,22000.0,Installment,,
328,Buenaflor2_4,2021-04-05,26000.0,Installment,,
329,Buenaflor2_4,,500.0,DAS Fee,,DAS
330,Buenaflor2_5,2020-09-29,65000.0,Installment,,
331,Buenaflor2_5,2020-10-01,30000.0,Installment,,
332,Buenaflor2_5,2021-01-07,370000.0,Installment,,
333,Buenaflor2_6,2020-09-30,30000.0,Installment,,
334,Buenaflor2_6,2021-01-14,15000.0,Installment,,
335,Buenaflor2_6,2021-02-23,15000.0,Installment,,
336,Buenaflor2_6,2021-08-20,15000.0,Installment,,
337,Buenaflor2_6,2021-10-21,15000.0,Installment,,
338,Buenaflor2_6,2022-02-07,15000.0,Installment,,
339,Buenaflor2_6,2022-04-12,10000.0,Installment,,
340,Buenaflor2_6,2022-06-29,15000.0,Installment,,
341,Buenaflor2_6,2022-09-14,13000.0,Installment,,
342,Buenaflor2_6,2022-12-13,1600.0,Installment,,
343,Buenaflor2_6,,500.0,DAS Fee,,DAS
344,Buenaflor2_7,2020-10-19,35000.0,Installment,,
345,Buenaflor2_7,2021-01-04,21600.0,Installment,,
346,Buenaflor2_7,2021-03-31,21600.0,Installment,,
347,Buenaflor2_7,2021-06-04,21600.0,Installment,,
348,Buenaflor2_7,2021-08-07,21600.0,Installment,,
349,Buenaflor2_7,2022-01-08,21600.0,Installment,,
350,Buenaflor2_7,2022-04-21,21600.0,Installment,,
351,Buenaflor2_7,2022-07-27,21600.0,Installment,,
352,Buenaflor2_7,2022-10-25,21600.0,Installment,,
353,Buenaflor2_7,2022-10-25,21600.0,Installment,,
354,Buenaflor2_7,2023-01-03,64800.0,Installment,,
355,Buenaflor2_7,2023-01-25,1000.0,Installment,,
356,Buenaflor2_8,2024-11-25,15000.0,Installment,,
357,Buenaflor2_8,2025-01-30,16000.0,Installment,,
358,Buenaflor2_8,2025-02-27,7000.0,Installment,,
359,Buenaflor2_8,2025-04-29,12000.0,Installment,,
360,Buenaflor2_8,2025-05-30,5000.0,Installment,,
361,Buenaflor2_8,2025-06-30,12000.0,Installment,,
362,Buenaflor2_8,2025-08-26,10000.0,Installment,,
363,Buenaflor2_8,2026-04-28,4000.0,Installment,,
364,Buenaflor2_8,2026-06-23,5000.0,Installment,,
365,Buenaflor2_9,2020-10-16,10800.0,Installment,,
366,Buenaflor2_9,2020-12-15,10800.0,Installment,,
367,Buenaflor2_9,2021-02-11,10800.0,Installment,,
368,Buenaflor2_9,2021-05-21,16200.0,Installment,,
369,Buenaflor2_9,2021-09-24,21600.0,Installment,,
370,Buenaflor2_9,,500.0,DCS Fee,,DCS
371,Buenaflor2_9,2021-12-29,5400.0,Installment,,
372,Buenaflor2_9,2022-03-11,5400.0,Installment,,
373,Buenaflor2_9,2022-04-29,5400.0,Installment,,
374,Buenaflor2_9,2022-08-27,43200.0,Installment,,
375,Buenaflor2_9,,1000.0,DAS Fee,,DAS
376,Buenaflor2_10,2024-09-04,3000.0,Installment,,
377,Buenaflor2_10,2024-10-15,3000.0,Installment,,
378,Buenaflor2_10,2025-02-06,3000.0,Installment,,
379,Buenaflor2_10,2025-05-15,4000.0,Installment,,
380,Buenaflor2_10,2025-08-18,6000.0,Installment,,
381,Buenaflor2_11,2020-09-17,10000.0,Installment,,
382,Buenaflor2_11,2020-10-21,20000.0,Installment,,
383,Buenaflor2_11,2021-01-04,20000.0,Installment,,
384,Buenaflor2_11,2021-02-25,10000.0,Installment,,
385,Buenaflor2_11,2021-08-16,10000.0,Installment,,
386,Buenaflor2_11,2022-02-09,30000.0,Installment,,
387,Buenaflor2_11,2022-04-13,40000.0,Installment,,
388,Buenaflor2_11,2022-07-26,10000.0,Installment,,
389,Buenaflor2_11,2022-03-18,20000.0,Installment,,
390,Buenaflor2_11,2022-10-17,10000.0,Installment,,
391,Buenaflor2_11,2022-03-26,10000.0,Installment,,
392,Buenaflor2_11,2024-04-02,89200.0,Installment,,
393,Buenaflor2_11,2024-04-03,10000.0,Installment,,
394,Buenaflor2_11,,2900.0,DAS Fee,,DAS
395,Buenaflor2_12,2020-09-14,30000.0,Installment,,
396,Buenaflor2_12,2020-10-13,10800.0,Installment,,
397,Buenaflor2_12,2020-11-11,10800.0,Installment,,
398,Buenaflor2_12,2020-12-14,10800.0,Installment,,
399,Buenaflor2_12,2021-01-09,10800.0,Installment,,
400,Buenaflor2_12,2021-02-10,10800.0,Installment,,
401,Buenaflor2_12,2021-03-13,10800.0,Installment,,
402,Buenaflor2_12,2021-04-12,20000.0,Installment,,
403,Buenaflor2_12,2021-05-12,10800.0,Installment,,
404,Buenaflor2_12,2021-06-12,10800.0,Installment,,
405,Buenaflor2_12,2021-07-12,30000.0,Installment,,
406,Buenaflor2_12,2021-08-12,11000.0,Installment,,
407,Buenaflor2_12,2021-09-11,8000.0,Installment,,
408,Buenaflor2_12,2021-10-12,10800.0,Installment,,
409,Buenaflor2_12,2021-11-13,11000.0,Installment,,
410,Buenaflor2_12,2022-01-13,11000.0,Installment,,
411,Buenaflor2_12,2022-02-11,18000.0,Installment,,
412,Buenaflor2_12,2022-03-18,20000.0,Installment,,
413,Buenaflor2_12,2022-04-11,18120.0,Installment,,
414,Buenaflor2_12,,1500.0,DAS Fee,,DAS
415,Buenaflor2_13,2020-11-20,20000.0,Installment,,
416,Buenaflor2_13,2021-02-13,20000.0,Installment,,
417,Buenaflor2_13,2021-03-31,20000.0,Installment,,
418,Buenaflor2_13,2021-04-26,20000.0,Installment,,
419,Buenaflor2_13,2021-10-02,90000.0,Installment,,
420,Buenaflor2_13,2021-11-04,49440.0,Installment,,
421,Buenaflor2_13,,1000.0,DAS Fee,,DAS
422,Buenaflor2_14,2020-09-29,15000.0,Installment,,
423,Buenaflor2_14,2020-11-03,9560.0,Installment,,
424,Buenaflor2_14,2020-01-30,9560.0,Installment,,
425,Buenaflor2_14,2021-01-05,9560.0,Installment,,
426,Buenaflor2_14,2021-02-01,9560.0,Installment,,
427,Buenaflor2_14,2021-03-04,9560.0,Installment,,
428,Buenaflor2_14,2021-04-05,9560.0,Installment,,
429,Buenaflor2_14,2021-05-12,9560.0,Installment,,
430,Buenaflor2_14,2021-05-31,9560.0,Installment,,
431,Buenaflor2_14,2021-06-23,9560.0,Installment,,
432,Buenaflor2_14,2021-07-26,9560.0,Installment,,
433,Buenaflor2_14,2021-08-31,9560.0,Installment,,
434,Buenaflor2_14,,500.0,DAS Fee,,DAS
435,Buenaflor2_16,2021-01-04,50000.0,Installment,,
436,Buenaflor2_16,2022-04-13,50000.0,Installment,,
437,Buenaflor2_16,2022-05-20,15000.0,Installment,,
438,Buenaflor2_16,2023-01-02,200000.0,Installment,,
439,Buenaflor2_16,2023-03-31,26800.0,Installment,,
440,Buenaflor2_16,,1500.0,DAS Fee,,DAS
441,Buenaflor2_17,2020-09-23,120000.0,Installment,,
442,Buenaflor2_17,2021-02-13,50000.0,Installment,,
443,Buenaflor2_17,2021-09-08,20000.0,Installment,,
444,Buenaflor2_17,2023-01-11,159200.0,Installment,,
445,Buenaflor2_17,,2500.0,DAS Fee,,DAS (200sqm)
446,Buenaflor2_17,2023-09-26,23000.0,Installment,,
447,Buenaflor2_17,2024-11-08,30000.0,Installment,,
448,Buenaflor2_17,2025-01-16,20000.0,Installment,,
449,Buenaflor2_17,2025-02-20,20000.0,Installment,,
450,Buenaflor2_17,2025-04-16,20000.0,Installment,,
451,Buenaflor2_17,2025-07-01,25000.0,Installment,,
452,Buenaflor2_17,2025-10-13,30000.0,Installment,,
453,Buenaflor2_17,2026-01-12,19600.0,Installment,,
454,Buenaflor2_17,,2250.0,DAS Fee,,DAS
455,Buenaflor2_18,2020-09-21,90000.0,Installment,,
456,Buenaflor2_18,2020-10-02,30000.0,Installment,,
457,Buenaflor2_18,,30000.0,Installment,,"dulos, mylyn"
458,Buenaflor2_18,2020-11-23,19200.0,Installment,,
459,Buenaflor2_18,2021-01-07,39600.0,Installment,,
460,Buenaflor2_18,2021-04-06,39600.0,Installment,,
461,Buenaflor2_18,2021-04-23,39600.0,Installment,,
462,Buenaflor2_18,2021-05-24,52400.0,Installment,,
463,Buenaflor2_18,2025-06-30,649600.0,Installment,,
464,Buenaflor2_18,,4500.0,DAS Fee,,DAS
465,Buenaflor2_19,2024-12-09,5400.0,Installment,,
466,Buenaflor2_19,2026-03-17,2000.0,Installment,,
467,Buenaflor2_19,2026-08-29,190000.0,Installment,,
468,Buenaflor2_21,2020-10-08,30000.0,Installment,,
469,Buenaflor2_21,,500.0,DCS Fee,,dcs
470,Buenaflor2_21,2020-12-12,10800.0,Installment,,
471,Buenaflor2_21,2021-02-27,10800.0,Installment,,
472,Buenaflor2_21,2021-03-30,10800.0,Installment,,
473,Buenaflor2_21,2021-04-30,10800.0,Installment,,
474,Buenaflor2_21,2021-05-26,10800.0,Installment,,
475,Buenaflor2_21,0201-06-29,10800.0,Installment,,
476,Buenaflor2_21,2021-07-31,10800.0,Installment,,
477,Buenaflor2_21,2021-08-25,10800.0,Installment,,
478,Buenaflor2_21,2021-09-23,10800.0,Installment,,
479,Buenaflor2_21,2021-10-29,10800.0,Installment,,
480,Buenaflor2_21,2021-11-27,10800.0,Installment,,
481,Buenaflor2_21,2021-12-29,10800.0,Installment,,
482,Buenaflor2_21,2022-01-26,10800.0,Installment,,
483,Buenaflor2_21,2022-02-26,10800.0,Installment,,
484,Buenaflor2_21,2022-03-30,21600.0,Installment,,
485,Buenaflor2_21,2022-05-28,10800.0,Installment,,
486,Buenaflor2_21,2022-06-28,10800.0,Installment,,
487,Buenaflor2_21,2022-07-26,10800.0,Installment,,
488,Buenaflor2_21,2022-08-30,10800.0,Installment,,
489,Buenaflor2_21,2022-10-01,10800.0,Installment,,
490,Buenaflor2_21,2022-11-03,10800.0,Installment,,
491,Buenaflor2_21,2022-11-29,10800.0,Installment,,
492,Buenaflor2_21,2022-12-27,10800.0,Installment,,
493,Buenaflor2_22,2024-12-28,6600.0,Installment,,
494,Buenaflor2_22,2024-12-28,13200.0,Installment,,
495,Buenaflor2_22,2025-01-25,6605.0,Installment,,
496,Buenaflor2_22,2025-03-26,6600.0,Installment,,
497,Buenaflor2_22,2025-05-28,6600.0,Installment,,
498,Buenaflor2_22,2025-06-27,6600.0,Installment,,
499,Buenaflor2_22,2025-08-28,6600.0,Installment,,
500,Buenaflor2_22,2025-10-27,6600.0,Installment,,
501,Buenaflor2_22,2026-01-26,6600.0,Installment,,
502,Buenaflor2_22,2026-02-28,13200.0,Installment,,
503,Buenaflor2_22,2026-02-28,6600.0,Installment,,
504,Buenaflor2_22,2026-03-21,6600.0,Installment,,
505,Buenaflor2_22,2026-04-28,6600.0,Installment,,
506,Buenaflor2_22,2026-05-28,59395.0,Installment,,
507,Buenaflor2_22,,2678.0,DAS Fee,,DAS
508,Buenaflor2_23,2020-10-03,30000.0,Installment,,
509,Buenaflor2_23,2020-10-31,5000.0,Installment,,
510,Buenaflor2_23,2020-11-13,5800.0,Installment,,
511,Buenaflor2_23,2020-12-28,10800.0,Installment,,
512,Buenaflor2_23,2021-03-05,10800.0,Installment,,
513,Buenaflor2_23,2021-04-30,5800.0,Installment,,
514,Buenaflor2_23,2021-05-31,10800.0,Installment,,
515,Buenaflor2_23,2021-06-29,10800.0,Installment,,
516,Buenaflor2_23,2021-07-29,10800.0,Installment,,
517,Buenaflor2_23,2021-08-27,10800.0,Installment,,
518,Buenaflor2_23,2021-09-30,11000.0,Installment,,
519,Buenaflor2_23,2021-10-28,21600.0,Installment,,
520,Buenaflor2_23,2021-12-04,16000.0,Installment,,
521,Buenaflor2_23,2022-03-28,10800.0,Installment,,
522,Buenaflor2_23,2022-05-16,10800.0,Installment,,
523,Buenaflor2_23,2022-08-01,11000.0,Installment,,
524,Buenaflor2_23,2022-08-17,85800.0,Installment,,
525,Buenaflor2_23,,1500.0,DAS Fee,,DAS
526,Buenaflor2_25,2020-10-22,15000.0,Installment,,
527,Buenaflor2_25,2020-11-23,5400.0,Installment,,
528,Buenaflor2_25,2020-12-29,5400.0,Installment,,
529,Buenaflor2_25,2021-01-26,5400.0,Installment,,
530,Buenaflor2_25,2021-02-26,5400.0,Installment,,
531,Buenaflor2_25,2021-03-30,5400.0,Installment,,
532,Buenaflor2_25,2021-04-29,5400.0,Installment,,
533,Buenaflor2_25,2021-05-25,5400.0,Installment,,
534,Buenaflor2_25,2021-06-29,5400.0,Installment,,
535,Buenaflor2_25,2021-08-02,5400.0,Installment,,
536,Buenaflor2_25,2021-08-30,5400.0,Installment,,
537,Buenaflor2_25,2021-10-29,10800.0,Installment,,
538,Buenaflor2_25,2022-01-14,16200.0,Installment,,
539,Buenaflor2_25,2022-03-11,5400.0,Installment,,
540,Buenaflor2_25,2022-04-13,5400.0,Installment,,
541,Buenaflor2_25,2022-05-12,5400.0,Installment,,
542,Buenaflor2_25,2022-05-25,5400.0,Installment,,
543,Buenaflor2_25,2022-06-25,5400.0,Installment,,
544,Buenaflor2_25,2022-08-31,10800.0,Installment,,
545,Buenaflor2_25,2022-10-20,10800.0,Installment,,
546,Buenaflor2_25,,1000.0,DAS Fee,,DAS
547,Buenaflor2_26,2020-10-01,70000.0,Installment,,
548,Buenaflor2_26,,500.0,DCS Fee,,DCS
549,Buenaflor2_26,2021-01-11,50000.0,Installment,,
550,Buenaflor2_26,2021-05-05,40000.0,Installment,,
551,Buenaflor2_26,2021-09-28,30000.0,Installment,,
552,Buenaflor2_26,2021-12-14,59000.0,Installment,,
553,Buenaflor2_26,2021-12-23,10440.0,Installment,,
554,Buenaflor2_26,,1000.0,DAS Fee,,DAS
555,Buenaflor2_27,2020-09-02,40000.0,Installment,,
556,Buenaflor2_27,2020-11-04,75000.0,Installment,,
557,Buenaflor2_28,2021-02-09,42000.0,Installment,,
558,Buenaflor2_28,2021-06-05,23000.0,Installment,,
559,Buenaflor2_28,2022-04-18,50000.0,Installment,,
560,Buenaflor2_28,,1000.0,DAS Fee,,DAS
561,Buenaflor2_28,2022-12-27,100240.0,Installment,,
562,Buenaflor2_28,2022-12-27,29000.0,Installment,,
563,Buenaflor2_29,2020-09-21,15000.0,Installment,,
564,Buenaflor2_29,2020-10-05,5400.0,Installment,,
565,Buenaflor2_29,2020-12-07,4000.0,Installment,,
566,Buenaflor2_29,2021-01-18,4000.0,Installment,,
567,Buenaflor2_29,2021-02-15,5000.0,Installment,,
568,Buenaflor2_29,2021-04-06,5400.0,Installment,,
569,Buenaflor2_29,2021-05-10,5000.0,Installment,,
570,Buenaflor2_29,2021-06-22,2600.0,Installment,,
571,Buenaflor2_29,2021-07-26,3000.0,Installment,,
572,Buenaflor2_29,2021-09-09,7000.0,Installment,,
573,Buenaflor2_29,2021-11-09,6000.0,Installment,,
574,Buenaflor2_29,2022-01-03,5500.0,Installment,,
575,Buenaflor2_29,2022-02-14,5000.0,Installment,,
576,Buenaflor2_29,2022-03-18,5100.0,Installment,,
577,Buenaflor2_29,2022-04-18,5500.0,Installment,,
578,Buenaflor2_29,2022-05-30,4500.0,Installment,,
579,Buenaflor2_29,2022-07-06,6000.0,Installment,,
580,Buenaflor2_29,2022-08-03,6000.0,Installment,,
581,Buenaflor2_29,2022-08-11,44600.0,Installment,,
582,Buenaflor2_29,,500.0,DAS Fee,,DAS
583,Buenaflor2_30,2026-07-03,10000.0,Installment,,
584,Buenaflor2_30,2026-08-05,5000.0,Installment,,
585,Buenaflor2_31,2021-03-12,220000.0,Installment,,
586,Buenaflor2_31,,500.0,DAS Fee,,DAS
587,Buenaflor2_32,2020-08-14,5000.0,Installment,,
588,Buenaflor2_32,2020-11-10,460000.0,Installment,,
589,Buenaflor2_32,,1000.0,DAS Fee,,das
590,Buenaflor2_33,2021-05-18,5400.0,Installment,,
591,Buenaflor2_33,2021-06-21,5400.0,Installment,,
592,Buenaflor2_33,2021-07-19,5400.0,Installment,,
593,Buenaflor2_33,2021-08-13,5400.0,Installment,,
594,Buenaflor2_33,2022-09-23,2000.0,Installment,,
595,Buenaflor2_34,2020-09-26,7000.0,Installment,,
596,Buenaflor2_34,2020-10-13,5000.0,Installment,,
597,Buenaflor2_34,2020-10-28,3000.0,Installment,,
598,Buenaflor2_34,2020-11-26,3400.0,Installment,,
599,Buenaflor2_34,2021-01-11,2500.0,Installment,,
600,Buenaflor2_34,2021-08-13,5000.0,Installment,,
601,Buenaflor2_34,2022-02-16,15000.0,Installment,,
602,Buenaflor2_34,2022-07-15,20000.0,Installment,,
603,Buenaflor2_34,2022-08-01,10000.0,Installment,,
604,Buenaflor2_34,2022-12-13,20000.0,Installment,,
605,Buenaflor2_34,2023-01-09,10000.0,Installment,,
606,Buenaflor2_34,2023-05-12,10000.0,Installment,,
607,Buenaflor2_34,2023-06-20,10000.0,Installment,,
608,Buenaflor2_34,2023-11-17,10000.0,Installment,,
609,Buenaflor2_34,2024-06-07,14440.0,Installment,,
610,Buenaflor2_35,2020-08-17,5000.0,Installment,,
611,Buenaflor2_35,2021-02-09,40000.0,Installment,,
612,Buenaflor2_35,2021-04-17,70000.0,Installment,,
613,Buenaflor2_35,,500.0,DCS Fee,,DCS
614,Buenaflor2_36,2022-01-06,112360.0,Installment,,
615,Buenaflor2_36,,1000.0,DAS Fee,,DAS
616,Buenaflor2_37,2025-03-20,20000.0,Installment,,
617,Buenaflor2_37,2025-05-22,10000.0,Installment,,
618,Buenaflor2_37,2026-02-06,22000.0,Installment,,
619,Buenaflor2_38,2021-03-25,99000.0,Installment,,
620,Buenaflor2_38,,322680.0,Installment,,Lambayong payment
621,Buenaflor2_39,2024-10-02,5000.0,Installment,,
622,Buenaflor2_40,2024-12-31,12015.0,Installment,,
623,Buenaflor2_40,2025-01-30,12015.0,Installment,,
624,Buenaflor2_40,2025-02-28,12015.0,Installment,,
625,Buenaflor2_40,2025-03-31,12000.0,Installment,,
626,Buenaflor2_40,2025-04-29,12000.0,Installment,,
627,Buenaflor2_40,2025-06-02,12000.0,Installment,,
628,Buenaflor2_40,2025-06-30,12015.0,Installment,,
629,Buenaflor2_40,2025-07-28,12000.0,Installment,,
630,Buenaflor2_40,2025-09-01,12000.0,Installment,,
631,Buenaflor2_40,2025-09-27,12015.0,Installment,,
632,Buenaflor2_40,2025-11-03,24105.0,Installment,,
633,Buenaflor2_40,,750.0,DAS Fee,,DAS
634,Buenaflor2_41,2020-10-01,100000.0,Installment,,
635,Buenaflor2_41,2020-12-16,15000.0,Installment,,
636,Buenaflor2_42,2020-11-27,50000.0,Installment,,
637,Buenaflor2_42,2020-12-04,30000.0,Installment,,
638,Buenaflor2_42,2021-01-07,30000.0,Installment,,
639,Buenaflor2_42,2021-02-16,30000.0,Installment,,
640,Buenaflor2_42,2021-03-06,21000.0,Installment,,
641,Buenaflor2_43,2024-10-28,20000.0,Installment,,
642,Buenaflor2_43,2024-11-27,10000.0,Installment,,
643,Buenaflor2_43,2025-01-02,20000.0,Installment,,
644,Buenaflor2_43,2025-01-28,50000.0,Installment,,
645,Buenaflor2_43,2025-03-08,20000.0,Installment,,
646,Buenaflor2_43,2025-04-23,10000.0,Installment,,
647,Buenaflor2_43,2025-07-21,10000.0,Installment,,
648,Buenaflor2_43,2026-01-06,124270.0,Installment,,
649,Buenaflor2_44,2021-04-10,10000.0,Installment,,
650,Buenaflor2_44,2021-05-18,10800.0,Installment,,
651,Buenaflor2_44,2021-06-17,10800.0,Installment,,
652,Buenaflor2_44,2021-07-20,10800.0,Installment,,
653,Buenaflor2_44,2021-08-17,10800.0,Installment,,
654,Buenaflor2_44,2021-09-18,10800.0,Installment,,
655,Buenaflor2_44,2021-10-22,10800.0,Installment,,
656,Buenaflor2_44,2021-11-17,5400.0,Installment,,
657,Buenaflor2_44,2021-12-21,5400.0,Installment,,
658,Buenaflor2_44,2021-12-22,8000.0,Installment,,
659,Buenaflor2_44,2022-01-03,2800.0,Installment,,
660,Buenaflor2_44,2022-03-24,10800.0,Installment,,
661,Buenaflor2_44,2022-04-27,10800.0,Installment,,
662,Buenaflor2_44,2022-05-21,10800.0,Installment,,
663,Buenaflor2_44,2022-06-21,7000.0,Installment,,
664,Buenaflor2_44,2022-07-01,3800.0,Installment,,
665,Buenaflor2_44,2022-07-20,7000.0,Installment,,
666,Buenaflor2_44,2022-08-15,10800.0,Installment,,
667,Buenaflor2_44,2022-09-21,10800.0,Installment,,
668,Buenaflor2_44,2023-01-10,5400.0,Installment,,
669,Buenaflor2_44,2024-06-27,20000.0,Installment,,
670,Buenaflor2_44,2024-11-27,22000.0,Installment,,
671,Buenaflor2_44,2025-04-10,15000.0,Installment,,
672,Buenaflor2_45,2020-10-03,64600.0,Installment,,
673,Buenaflor2_45,,500.0,DCS Fee,,dcs
674,Buenaflor2_45,2020-12-30,8700.0,Installment,,
675,Buenaflor2_45,2021-02-20,8750.0,Installment,,
676,Buenaflor2_45,2021-03-18,8750.0,Installment,,
677,Buenaflor2_45,2021-05-18,8750.0,Installment,,
678,Buenaflor2_45,2021-06-18,8750.0,Installment,,
679,Buenaflor2_45,2021-07-21,8750.0,Installment,,
680,Buenaflor2_45,2021-09-28,8750.0,Installment,,
681,Buenaflor2_45,2021-11-25,8750.0,Installment,,
682,Buenaflor2_45,2023-03-28,17500.0,Installment,,
683,Buenaflor2_46,2020-09-07,5000.0,Installment,,
684,Buenaflor2_46,2020-09-25,15000.0,Installment,,
685,Buenaflor2_46,2020-12-23,5400.0,Installment,,
686,Buenaflor2_46,2020-12-23,5400.0,Installment,,
687,Buenaflor2_46,2020-12-23,5400.0,Installment,,
688,Buenaflor2_46,2021-05-21,27000.0,Installment,,
689,Buenaflor2_46,2021-06-24,5400.0,Installment,,
690,Buenaflor2_46,2021-07-17,5400.0,Installment,,
691,Buenaflor2_46,2021-08-13,5400.0,Installment,,
692,Buenaflor2_46,2021-09-28,5400.0,Installment,,
693,Buenaflor2_46,2021-11-22,10800.0,Installment,,
694,Buenaflor2_46,2021-12-18,11000.0,Installment,,
695,Buenaflor2_46,2022-01-07,5400.0,Installment,,
696,Buenaflor2_46,2022-02-04,5400.0,Installment,,
697,Buenaflor2_46,,500.0,DCS Fee,,DCS
698,Buenaflor2_46,2022-02-05,5400.0,Installment,,
699,Buenaflor2_46,2022-03-10,5400.0,Installment,,
700,Buenaflor2_46,2022-03-25,5400.0,Installment,,
701,Buenaflor2_46,2022-04-27,5400.0,Installment,,
702,Buenaflor2_46,2022-04-27,3000.0,Installment,,
703,Buenaflor2_46,2022-05-04,50000.0,Installment,,
704,Buenaflor2_46,2022-05-27,5400.0,Installment,,
705,Buenaflor2_46,2022-06-30,5400.0,Installment,,
706,Buenaflor2_46,2022-07-01,10800.0,Installment,,
707,Buenaflor2_46,2022-08-06,5400.0,Installment,,
708,Buenaflor2_46,2022-09-14,5400.0,Installment,,
709,Buenaflor2_46,2022-10-08,10800.0,Installment,,
710,Buenaflor2_46,2022-11-05,15000.0,Installment,,
711,Buenaflor2_46,,1000.0,DAS Fee,,DAS
712,Buenaflor2_46,2023-08-15,5000.0,Installment,,
713,Buenaflor2_46,2020-12-23,4200.0,Installment,,
714,Buenaflor2_46,2023-12-27,20000.0,Installment,,
715,Buenaflor2_46,2024-08-03,12800.0,Installment,,
716,Buenaflor2_47,2020-11-11,30000.0,Installment,,
717,Buenaflor2_47,,500.0,DCS Fee,,dcs
718,Buenaflor2_47,2021-01-11,40000.0,Installment,,
719,Buenaflor2_47,2021-03-18,19120.0,Installment,,
720,Buenaflor2_47,2021-03-18,19120.0,Installment,,
721,Buenaflor2_47,2021-05-31,40000.0,Installment,,
722,Buenaflor2_47,2021-09-07,11200.0,Installment,,
723,Buenaflor2_47,2022-01-03,80000.0,Installment,,
724,Buenaflor2_47,2022-02-09,20000.0,Installment,,
725,Buenaflor2_47,,1000.0,DAS Fee,,DAS
726,Buenaflor2_48,2026-06-17,120000.0,Installment,,
727,Buenaflor2_48,2026-07-31,38000.0,Installment,,
728,Buenaflor2_48,2026-08-27,37000.0,Installment,,
729,Buenaflor2_49,2020-10-06,55000.0,Installment,,
730,Buenaflor2_49,2020-12-17,70000.0,Installment,,
731,Buenaflor2_49,2020-12-29,20000.0,Installment,,
732,Buenaflor2_49,2021-02-11,20000.0,Installment,,
733,Buenaflor2_49,2022-03-07,10000.0,Installment,,
734,Buenaflor2_50,2020-10-22,5000.0,Installment,,
735,Buenaflor2_50,2020-11-28,5000.0,Installment,,
736,Buenaflor2_50,2021-01-11,5400.0,Installment,,
737,Buenaflor2_50,2021-02-08,5400.0,Installment,,
738,Buenaflor2_50,2021-03-08,5400.0,Installment,,
739,Buenaflor2_50,2021-04-17,5400.0,Installment,,
740,Buenaflor2_50,2021-05-12,5400.0,Installment,,
741,Buenaflor2_50,2021-06-14,5400.0,Installment,,
742,Buenaflor2_50,2021-07-19,5400.0,Installment,,
743,Buenaflor2_50,2021-08-07,5400.0,Installment,,
744,Buenaflor2_50,2021-09-22,5400.0,Installment,,
745,Buenaflor2_50,2021-10-13,5400.0,Installment,,
746,Buenaflor2_50,2021-11-18,5400.0,Installment,,
747,Buenaflor2_50,2021-12-14,5400.0,Installment,,
748,Buenaflor2_50,2022-01-21,5400.0,Installment,,
749,Buenaflor2_50,2022-02-17,5400.0,Installment,,
750,Buenaflor2_50,2022-03-17,5400.0,Installment,,
751,Buenaflor2_50,2022-04-18,5400.0,Installment,,
752,Buenaflor2_50,2022-05-31,5400.0,Installment,,
753,Buenaflor2_50,2022-07-25,10800.0,Installment,,
754,Buenaflor2_50,2022-09-19,10800.0,Installment,,
755,Buenaflor2_50,2022-11-26,11000.0,Installment,,
756,Buenaflor2_51,2020-10-16,35000.0,Installment,,
757,Buenaflor2_51,2020-11-17,20000.0,Installment,,
758,Buenaflor2_51,2020-12-18,20000.0,Installment,,
759,Buenaflor2_51,2021-01-18,20000.0,Installment,,
760,Buenaflor2_51,2021-02-19,20000.0,Installment,,
761,Buenaflor2_51,2021-03-22,20000.0,Installment,,
762,Buenaflor2_51,2021-04-26,20000.0,Installment,,
763,Buenaflor2_51,0202-06-22,40000.0,Installment,,
764,Buenaflor2_51,2021-08-27,30000.0,Installment,,
765,Buenaflor2_51,2021-10-19,30000.0,Installment,,
766,Buenaflor2_51,,1000.0,DAS Fee,,DAS
767,Buenaflor2_52,2020-10-20,170000.0,Installment,,
768,Buenaflor2_52,2020-11-26,60000.0,Installment,,
769,Buenaflor2_52,,500.0,DAS Fee,,DAS
770,Buenaflor2_54,2020-10-07,13000.0,Installment,,
771,Buenaflor2_54,2020-11-03,9560.0,Installment,,
772,Buenaflor2_54,2021-02-08,9560.0,Installment,,
773,Buenaflor2_54,2021-11-03,20000.0,Installment,,
774,Buenaflor2_54,2021-12-29,10000.0,Installment,,
775,Buenaflor2_54,2023-01-13,20000.0,Installment,,
776,Buenaflor2_54,2023-04-22,10000.0,Installment,,
777,Buenaflor2_54,2023-07-06,10000.0,Installment,,
778,Buenaflor2_54,2023-09-29,10000.0,Installment,,
779,Buenaflor2_54,2024-01-30,10000.0,Installment,,
780,Buenaflor2_54,2024-07-05,18500.0,Installment,,
781,Buenaflor2_54,2024-08-03,11980.0,Installment,,
782,Buenaflor2_54,,500.0,DAS Fee,,DAS
783,Buenaflor2_55,2021-02-04,35000.0,Installment,,
784,Buenaflor2_55,,500.0,DCS Fee,,DCS
785,Buenaflor2_55,2021-03-29,21600.0,Installment,,
786,Buenaflor2_55,2021-04-26,43200.0,Installment,,
787,Buenaflor2_55,2021-07-14,32500.0,Installment,,
788,Buenaflor2_55,2021-09-21,50000.0,Installment,,
789,Buenaflor2_55,2021-11-18,50000.0,Installment,,
790,Buenaflor2_55,2022-01-31,61900.0,Installment,,
791,Buenaflor2_55,,1000.0,DAS Fee,,DAS
792,Buenaflor2_55,,15000.0,Titling Fee,,individual title
793,Buenaflor2_56,2024-06-22,30000.0,Installment,,
794,Buenaflor2_56,2024-09-27,25000.0,Installment,,
795,Buenaflor2_56,2026-07-22,1000.0,Installment,,
796,Buenaflor2_57,2024-06-20,10000.0,Installment,,
797,Buenaflor2_57,2026-07-22,1000.0,Installment,,
798,Buenaflor2_58,2020-10-06,60000.0,Installment,,
799,Buenaflor2_58,2020-11-24,21600.0,Installment,,
800,Buenaflor2_58,2020-12-21,21600.0,Installment,,
801,Buenaflor2_58,2021-01-09,21600.0,Installment,,
802,Buenaflor2_58,2021-02-22,21600.0,Installment,,
803,Buenaflor2_58,2021-04-05,21600.0,Installment,,
804,Buenaflor2_58,2021-05-17,21600.0,Installment,,
805,Buenaflor2_58,2021-07-14,21600.0,Installment,,
806,Buenaflor2_58,2021-08-31,21600.0,Installment,,
807,Buenaflor2_58,2021-09-30,21600.0,Installment,,
808,Buenaflor2_58,2021-12-01,21600.0,Installment,,
809,Buenaflor2_58,2022-01-13,21600.0,Installment,,
810,Buenaflor2_58,2022-02-09,21600.0,Installment,,
811,Buenaflor2_58,2022-03-10,21600.0,Installment,,
812,Buenaflor2_58,2022-04-13,21600.0,Installment,,
813,Buenaflor2_58,2022-05-10,21600.0,Installment,,
814,Buenaflor2_58,2022-06-07,21600.0,Installment,,
815,Buenaflor2_58,2022-07-21,21600.0,Installment,,
816,Buenaflor2_58,2022-08-31,21600.0,Installment,,
817,Buenaflor2_58,2022-12-14,21600.0,Installment,,
818,Buenaflor2_58,2023-01-03,21600.0,Installment,,
819,Buenaflor2_58,2023-02-20,21600.0,Installment,,
820,Buenaflor2_58,2023-03-30,21600.0,Installment,,
821,Buenaflor2_58,2023-05-02,21600.0,Installment,,
822,Buenaflor2_58,2023-07-01,21600.0,Installment,,
823,Buenaflor2_58,,2000.0,DAS Fee,,DAS
824,Buenaflor2_59,2021-06-02,30000.0,Installment,,
825,Buenaflor2_59,2021-07-05,10800.0,Installment,,
826,Buenaflor2_59,2021-08-02,10800.0,Installment,,
827,Buenaflor2_59,2021-09-10,10800.0,Installment,,
828,Buenaflor2_59,2021-10-13,10800.0,Installment,,
829,Buenaflor2_59,2021-11-19,10800.0,Installment,,
830,Buenaflor2_59,2021-12-16,10800.0,Installment,,
831,Buenaflor2_59,2022-01-24,10800.0,Installment,,
832,Buenaflor2_59,2022-02-15,10800.0,Installment,,
833,Buenaflor2_59,2022-03-17,10800.0,Installment,,
834,Buenaflor2_59,2022-04-28,10800.0,Installment,,
835,Buenaflor2_59,2022-05-26,10800.0,Installment,,
836,Buenaflor2_59,2022-07-01,8000.0,Installment,,
837,Buenaflor2_59,2022-07-28,13600.0,Installment,,
838,Buenaflor2_59,2022-08-02,89040.0,Installment,,
839,Buenaflor2_59,,1500.0,DAS Fee,,DAS
840,Buenaflor2_64,,500.0,DCS Fee,,DCS
841,Buenaflor2_65,2020-10-22,3000.0,Installment,,
842,Buenaflor2_65,2020-12-03,7000.0,Installment,,
843,Buenaflor2_66,2020-08-14,5000.0,Installment,,
844,Buenaflor2_66,2020-11-10,15000.0,Installment,,
845,Buenaflor2_66,2020-11-13,15000.0,Installment,,
846,Buenaflor2_67,2020-11-12,5000.0,Installment,,
847,Buenaflor2_68,2020-09-17,1000.0,Installment,,
848,Buenaflor2_68,2020-10-29,5400.0,Installment,,
849,Buenaflor2_68,2021-01-13,10800.0,Installment,,
850,Buenaflor2_68,2021-04-10,5400.0,Installment,,
851,Buenaflor2_69,2020-09-29,15000.0,Installment,,
852,Buenaflor2_69,2021-07-03,10800.0,Installment,,
853,Buenaflor2_69,2021-11-08,5400.0,Installment,,
854,Buenaflor2_69,2021-12-13,10800.0,Installment,,
855,Buenaflor2_70,2024-02-29,5000.0,Installment,,
856,Buenaflor2_70,2024-04-05,7500.0,Installment,,
857,Buenaflor2_70,2024-05-07,10500.0,Installment,,
858,Buenaflor2_71,2020-12-04,20800.0,Installment,,
859,Buenaflor2_71,2021-06-09,20700.0,Installment,,
860,Buenaflor2_71,2021-07-14,10350.0,Installment,,
861,Buenaflor2_71,2021-11-10,20700.0,Installment,,
862,Buenaflor2_71,2022-03-02,31050.0,Installment,,
863,Buenaflor2_71,2022-07-08,20700.0,Installment,,
864,Buenaflor2_71,2022-11-09,10350.0,Installment,,
865,Buenaflor2_71,2023-03-06,10350.0,Installment,,
866,Buenaflor2_72,2020-11-09,10000.0,Installment,,
867,Buenaflor2_72,2021-10-29,50000.0,Installment,,
868,Buenaflor2_72,2023-05-22,5000.0,Installment,,
869,Buenaflor2_72,2023-07-13,5000.0,Installment,,
870,Buenaflor2_72,2023-09-09,30000.0,Installment,,
871,Buenaflor2_73,2021-07-17,220000.0,Installment,,
872,Buenaflor2_73,,1000.0,DAS Fee,,DAS
873,Buenaflor2_74,2025-01-03,15000.0,Installment,,
874,Buenaflor2_74,2025-02-24,15000.0,Installment,,
875,Buenaflor2_74,2025-08-13,40000.0,Installment,,
876,Buenaflor2_75,2022-03-11,151400.0,Installment,,
877,Buenaflor2_75,,1000.0,DAS Fee,,DAS
878,Buenaflor2_76,2025-02-24,10000.0,Installment,,
879,Buenaflor2_76,2026-05-22,-20000.0,Refund,,"refunded: 20,000 (5/22/2026)"
880,Buenaflor2_77,2025-02-07,31000.0,Installment,,
881,Buenaflor2_77,2025-04-07,45000.0,Installment,,
882,Buenaflor2_77,,500.0,DCS Fee,,DCS
883,Buenaflor2_77,2025-08-07,50000.0,Installment,,
884,Buenaflor2_77,2025-09-24,10000.0,Installment,,
885,Buenaflor2_77,2026-01-06,40000.0,Installment,,
886,Buenaflor2_80,2020-12-30,5000.0,Installment,,
887,Buenaflor2_81,2020-08-25,5000.0,Installment,,
888,Buenaflor2_81,2021-02-05,-10000.0,Refund,,"REFUNDED 2/5/2021 - 10,000"
889,Buenaflor2_86,2020-08-18,10000.0,Installment,,
890,Buenaflor2_86,2020-09-11,5000.0,Installment,,
891,Buenaflor2_87,2021-03-06,20000.0,Installment,,
892,Buenaflor2_87,2021-05-07,7800.0,Installment,,
893,Buenaflor2_87,2021-07-01,9828.0,Installment,,
894,Buenaflor2_87,2021-10-04,9828.0,Installment,,
895,Buenaflor2_87,2022-04-01,9828.0,Installment,,
896,Buenaflor2_89,2020-09-15,15000.0,Installment,,
897,Buenaflor2_89,2020-10-09,5400.0,Installment,,
898,Buenaflor2_89,2020-11-10,5400.0,Installment,,
899,Buenaflor2_89,2020-12-22,5400.0,Installment,,
900,Buenaflor2_89,2021-02-11,5400.0,Installment,,
901,Buenaflor2_89,2021-03-15,5400.0,Installment,,
902,Buenaflor2_89,2021-04-12,4400.0,Installment,,
903,Buenaflor2_89,2021-06-18,8000.0,Installment,,
904,Buenaflor2_89,2021-08-13,5400.0,Installment,,
905,Buenaflor2_89,2021-09-16,4000.0,Installment,,
906,Buenaflor2_89,2021-10-12,5400.0,Installment,,
907,Buenaflor2_89,2021-11-11,5000.0,Installment,,
908,Buenaflor2_89,2021-12-21,5000.0,Installment,,
909,Buenaflor2_89,2022-01-15,5200.0,Installment,,
910,Buenaflor2_89,2022-02-07,5400.0,Installment,,
911,Buenaflor2_89,2022-05-20,3300.0,Installment,,
912,Buenaflor2_89,2022-06-16,5400.0,Installment,,
913,Buenaflor2_89,2022-07-15,5200.0,Installment,,
914,Buenaflor2_89,2022-08-26,5400.0,Installment,,
915,Buenaflor2_89,2024-12-03,-57050.0,Refund,,"refunded: 57,050 (12/3/2024)"
916,Buenaflor2_90,2020-09-18,15000.0,Installment,,
917,Buenaflor2_90,,500.0,DCS Fee,,DCS
918,Buenaflor2_90,2020-11-02,5400.0,Installment,,
919,Buenaflor2_90,2020-12-07,5400.0,Installment,,
920,Buenaflor2_90,2021-01-11,5400.0,Installment,,
921,Buenaflor2_90,2021-02-16,5400.0,Installment,,
922,Buenaflor2_90,2021-04-05,5400.0,Installment,,
923,Buenaflor2_90,2021-06-02,5400.0,Installment,,
924,Buenaflor2_90,2021-08-03,5400.0,Installment,,
925,Buenaflor2_90,2022-01-17,5400.0,Installment,,
926,Buenaflor2_90,2022-04-06,5400.0,Installment,,
927,Buenaflor2_90,2022-07-09,5400.0,Installment,,
928,Buenaflor2_90,2022-12-27,5400.0,Installment,,
929,Buenaflor2_90,2024-12-07,-39700.0,Refund,,"refunded: 39,700 (12/7/2024)"
930,Buenaflor2_91,2020-11-07,28000.0,Installment,,
931,Buenaflor2_91,2020-12-05,8100.0,Installment,,
932,Buenaflor2_91,2021-03-11,16200.0,Installment,,
933,Buenaflor2_91,2021-07-05,16200.0,Installment,,
934,Buenaflor2_91,2022-05-16,15000.0,Installment,,
935,Buenaflor2_91,2022-06-07,8200.0,Installment,,
936,Buenaflor2_96,2020-12-01,10000.0,Installment,,
937,Buenaflor2_98,2021-05-29,2000.0,Installment,,
938,Buenaflor2_98,2022-04-09,10000.0,Installment,,
939,Buenaflor2_98,2022-04-09,3400.0,Installment,,
940,Buenaflor2_99,2020-09-16,15000.0,Installment,,
941,Buenaflor2_99,2021-08-06,15600.0,Installment,,
942,Buenaflor2_102,2020-09-21,10000.0,Installment,,
943,Buenaflor2_102,2020-12-29,11600.0,Installment,,
944,Buenaflor2_103,2020-10-20,45600.0,Installment,,
945,Buenaflor2_103,2020-11-16,15000.0,Installment,,
946,Buenaflor2_104,2020-09-09,15000.0,Installment,,
947,Buenaflor2_104,2020-11-02,5200.0,Installment,,
948,Buenaflor2_104,2021-01-28,5400.0,Installment,,
949,Buenaflor2_104,2021-03-04,5400.0,Installment,,
950,Buenaflor2_104,2021-05-19,5200.0,Installment,,
951,Buenaflor2_104,2021-09-25,5200.0,Installment,,
952,Buenaflor2_104,2021-11-25,5100.0,Installment,,
953,Buenaflor2_104,2022-02-16,5200.0,Installment,,
954,Buenaflor2_104,2022-12-15,5200.0,Installment,,
955,Buenaflor3_3,2023-06-26,9000.0,Installment,,
956,Buenaflor3_3,2023-12-11,19000.0,Installment,,
957,Buenaflor3_3,2024-03-19,24000.0,Installment,,
958,Buenaflor3_3,2024-06-11,7000.0,Installment,,
959,Buenaflor3_3,2024-07-15,10000.0,Installment,,
960,Buenaflor3_3,2024-08-09,13000.0,Installment,,
961,Buenaflor3_3,2024-08-27,8000.0,Installment,,
962,Buenaflor3_3,2024-10-28,10000.0,Installment,,
963,Buenaflor3_3,2024-12-12,15000.0,Installment,,
964,Buenaflor3_3,2025-01-13,11000.0,Installment,,
965,Buenaflor3_3,2025-02-17,10000.0,Installment,,
966,Buenaflor3_3,2025-04-28,9200.0,Installment,,
967,Buenaflor3_3,,500.0,DAS Fee,,DAS
968,Buenaflor3_4,2024-06-28,19000.0,Installment,,
969,Buenaflor3_4,2025-02-01,50000.0,Installment,,
970,Buenaflor3_4,2025-02-17,50000.0,Installment,,
971,Buenaflor3_4,2025-03-13,30000.0,Installment,,
972,Buenaflor3_4,2025-07-22,50000.0,Installment,,
973,Buenaflor3_4,2025-07-22,37000.0,Installment,,
974,Buenaflor3_4,,1500.0,DAS Fee,,DAS
975,Buenaflor3_5,2024-04-16,9600.0,Installment,,
976,Buenaflor3_5,2024-07-17,28800.0,Installment,,
977,Buenaflor3_5,2024-10-17,19200.0,Installment,,
978,Buenaflor3_5,2024-11-12,19200.0,Installment,,
979,Buenaflor3_5,2025-02-28,9600.0,Installment,,
980,Buenaflor3_5,2025-03-27,19200.0,Installment,,
981,Buenaflor3_5,2025-05-30,19200.0,Installment,,
982,Buenaflor3_5,2025-07-31,9600.0,Installment,,
983,Buenaflor3_5,2025-09-02,10000.0,Installment,,
984,Buenaflor3_5,2025-09-22,19200.0,Installment,,
985,Buenaflor3_5,2025-12-02,10000.0,Installment,,
986,Buenaflor3_5,2026-03-05,9600.0,Installment,,
987,Buenaflor3_6,2023-11-15,28000.0,Installment,,
988,Buenaflor3_6,2024-10-03,10000.0,Installment,,
989,Buenaflor3_6,2024-11-07,10000.0,Installment,,
990,Buenaflor3_6,2025-02-06,10000.0,Installment,,
991,Buenaflor3_6,2025-04-10,32000.0,Installment,,
992,Buenaflor3_6,,1000.0,DAS Fee,,DAS
993,Buenaflor3_7,2025-11-03,36000.0,Installment,,
994,Buenaflor3_7,,1500.0,DAS Fee,,DAS
995,Buenaflor3_7,2026-07-08,12000.0,Installment,,
996,Buenaflor3_8,2023-07-25,5000.0,Installment,,
997,Buenaflor3_8,2023-10-17,8000.0,Installment,,
998,Buenaflor3_8,2024-01-08,10500.0,Installment,,
999,Buenaflor3_8,2024-02-14,10000.0,Installment,,
1000,Buenaflor3_8,2024-04-19,8500.0,Installment,,
1001,Buenaflor3_8,2024-07-22,15000.0,Installment,,
1002,Buenaflor3_8,2025-02-19,7000.0,Installment,,
1003,Buenaflor3_8,2025-11-05,7000.0,Installment,,
1004,Buenaflor3_9,2021-09-03,10000.0,Installment,,
1005,Buenaflor3_9,2022-01-18,25000.0,Installment,,
1006,Buenaflor3_9,2022-02-25,15000.0,Installment,,
1007,Buenaflor3_9,2022-03-11,10000.0,Installment,,
1008,Buenaflor3_9,,1500.0,DAS Fee,,DAS
1009,Buenaflor3_9,,15000.0,Titling Fee,,individual title
1010,Buenaflor3_10,2023-04-29,45000.0,Installment,,
1011,Buenaflor3_10,2025-10-07,15000.0,Installment,,
1012,Buenaflor3_11,2024-04-30,20000.0,Installment,,
1013,Buenaflor3_11,2024-06-10,20000.0,Installment,,
1014,Buenaflor3_11,2024-06-19,5000.0,Installment,,
1015,Buenaflor3_11,2024-08-15,235000.0,Installment,,
1016,Buenaflor3_12,2023-07-10,17238.0,Installment,,
1017,Buenaflor3_12,2024-01-05,6000.0,Installment,,
1018,Buenaflor3_12,2024-05-10,15000.0,Installment,,
1019,Buenaflor3_12,2024-09-20,5000.0,Installment,,
1020,Buenaflor3_13,2022-05-30,9700.0,Installment,,
1021,Buenaflor3_13,2022-07-04,9700.0,Installment,,
1022,Buenaflor3_13,2022-08-08,9700.0,Installment,,
1023,Buenaflor3_13,2022-09-08,9700.0,Installment,,
1024,Buenaflor3_13,2022-10-17,9700.0,Installment,,
1025,Buenaflor3_13,2023-03-23,9700.0,Installment,,
1026,Buenaflor3_13,2023-05-08,5000.0,Installment,,
1027,Buenaflor3_13,2023-06-30,3000.0,Installment,,
1028,Buenaflor3_13,2025-05-29,35000.0,Installment,,
1029,Buenaflor3_13,2025-05-30,15000.0,Installment,,
1030,Buenaflor3_14,2021-11-03,10000.0,Installment,,
1031,Buenaflor3_14,2022-01-17,329000.0,Installment,,
1032,Buenaflor3_14,2022-02-02,226000.0,Installment,,
1033,Buenaflor3_15,2022-12-06,5000.0,Installment,,
1034,Buenaflor3_15,2023-01-18,5000.0,Installment,,
1035,Buenaflor3_15,2023-07-21,10000.0,Installment,,
1036,Buenaflor3_15,2023-10-24,5000.0,Installment,,
1037,Buenaflor3_15,2024-01-25,10000.0,Installment,,
1038,Buenaflor3_15,2024-01-25,10000.0,Installment,,
1039,Buenaflor3_16,2025-01-05,20000.0,Installment,,
1040,Buenaflor3_16,2026-01-05,6000.0,Installment,,
1041,Buenaflor3_16,2026-02-13,6000.0,Installment,,
1042,Buenaflor3_16,2026-03-07,6000.0,Installment,,
1043,Buenaflor3_16,2026-04-01,6000.0,Installment,,
1044,Buenaflor3_16,2026-07-14,6000.0,Installment,,
1045,Buenaflor3_16,2026-08-08,6000.0,Installment,,
1046,Buenaflor3_17,2021-10-16,10000.0,Installment,,
1047,Buenaflor3_17,,500.0,DCS Fee,,DCS
1048,Buenaflor3_17,2021-12-18,10000.0,Installment,,
1049,Buenaflor3_17,2022-03-15,15000.0,Installment,,
1050,Buenaflor3_18,2022-09-28,3000.0,Installment,,
1051,Buenaflor3_18,2022-10-29,4000.0,Installment,,
1052,Buenaflor3_18,2023-01-31,3000.0,Installment,,
1053,Buenaflor3_18,2023-03-30,3000.0,Installment,,
1054,Buenaflor3_18,2023-04-27,3000.0,Installment,,
1055,Buenaflor3_18,2023-06-29,3000.0,Installment,,
1056,Buenaflor3_18,2023-08-30,3000.0,Installment,,
1057,Buenaflor3_18,2024-12-06,1500.0,Installment,,
1058,Buenaflor3_18,2025-04-25,2000.0,Installment,,
1059,Buenaflor3_18,2026-05-05,2000.0,Installment,,
1060,Buenaflor3_19,2024-01-11,5000.0,Installment,,
1061,Buenaflor3_19,2024-04-04,10000.0,Installment,,
1062,Buenaflor3_19,2024-09-03,5000.0,Installment,,
1063,Buenaflor3_19,2025-03-21,4000.0,Installment,,
1064,Buenaflor3_19,2025-10-06,3000.0,Installment,,
1065,Buenaflor3_19,2026-08-31,3000.0,Installment,,
1066,Buenaflor3_20,2021-09-20,11000.0,Installment,,
1067,Buenaflor3_20,2021-11-11,11000.0,Installment,,
1068,Buenaflor3_20,2021-11-22,10000.0,Installment,,
1069,Buenaflor3_20,2023-01-30,100000.0,Installment,,
1070,Buenaflor3_20,2023-03-30,74200.0,Installment,,
1071,Buenaflor3_20,,1000.0,DAS Fee,,DAS
1072,Buenaflor3_21,2023-03-04,6000.0,Installment,,
1073,Buenaflor3_21,2023-05-25,5000.0,Installment,,
1074,Buenaflor3_21,2023-11-15,10000.0,Installment,,
1075,Buenaflor3_21,2024-01-04,10000.0,Installment,,
1076,Buenaflor3_21,2024-01-04,10000.0,Installment,,
1077,Buenaflor3_21,2024-05-23,10000.0,Installment,,
1078,Buenaflor3_22,2023-03-29,35000.0,Installment,,
1079,Buenaflor3_22,2023-05-31,15000.0,Installment,,
1080,Buenaflor3_22,2023-08-11,10000.0,Installment,,
1081,Buenaflor3_22,2023-10-12,15000.0,Installment,,
1082,Buenaflor3_22,2023-12-13,15000.0,Installment,,
1083,Buenaflor3_22,2024-03-12,15000.0,Installment,,
1084,Buenaflor3_22,2024-04-29,30000.0,Installment,,
1085,Buenaflor3_22,2024-06-11,15000.0,Installment,,
1086,Buenaflor3_22,2024-07-23,30000.0,Installment,,
1087,Buenaflor3_22,2024-10-18,35000.0,Installment,,
1088,Buenaflor3_22,2025-03-27,50000.0,Installment,,
1089,Buenaflor3_22,2025-03-27,16100.0,Installment,,
1090,Buenaflor3_22,2025-06-11,20000.0,Installment,,
1091,Buenaflor3_22,2025-06-30,15000.0,Installment,,
1092,Buenaflor3_22,2025-07-30,35048.0,Installment,,
1093,Buenaflor3_22,,1500.0,DAS Fee,,DAS
1094,Buenaflor3_23,2022-06-24,3000.0,Installment,,
1095,Buenaflor3_23,2022-07-23,6700.0,Installment,,
1096,Buenaflor3_23,2022-09-28,4850.0,Installment,,
1097,Buenaflor3_23,2022-10-29,4800.0,Installment,,
1098,Buenaflor3_23,2022-11-29,4850.0,Installment,,
1099,Buenaflor3_23,2022-12-06,9700.0,Installment,,
1100,Buenaflor3_23,2023-01-04,4800.0,Installment,,
1101,Buenaflor3_23,2023-02-07,4850.0,Installment,,
1102,Buenaflor3_23,2023-03-03,4800.0,Installment,,
1103,Buenaflor3_23,2023-04-03,4850.0,Installment,,
1104,Buenaflor3_23,2023-05-10,4850.0,Installment,,
1105,Buenaflor3_23,2023-06-08,4850.0,Installment,,
1106,Buenaflor3_23,2023-07-04,4850.0,Installment,,
1107,Buenaflor3_23,2023-08-05,4850.0,Installment,,
1108,Buenaflor3_23,2023-09-12,4850.0,Installment,,
1109,Buenaflor3_23,2024-01-19,4850.0,Installment,,
1110,Buenaflor3_23,2024-03-15,4850.0,Installment,,
1111,Buenaflor3_23,2023-12-04,9700.0,Installment,,
1112,Buenaflor3_23,2024-07-24,4850.0,Installment,,
1113,Buenaflor3_23,2025-02-24,60000.0,Installment,,
1114,Buenaflor3_23,2025-06-30,12900.0,Installment,,
1115,Buenaflor3_23,,2095.0,DAS Fee,,DAS
1116,Buenaflor3_25,2026-06-20,35000.0,Installment,,
1117,Buenaflor3_26,2025-07-28,5040.0,Installment,,
1118,Buenaflor3_26,2025-08-27,5040.0,Installment,,
1119,Buenaflor3_26,,600.0,DCS Fee,,DCS
1120,Buenaflor3_26,2025-09-29,5040.0,Installment,,
1121,Buenaflor3_26,2025-11-04,5040.0,Installment,,
1122,Buenaflor3_26,2025-11-29,5040.0,Installment,,
1123,Buenaflor3_26,2026-01-06,5040.0,Installment,,
1124,Buenaflor3_26,2026-01-26,5040.0,Installment,,
1125,Buenaflor3_26,2026-02-23,5040.0,Installment,,
1126,Buenaflor3_26,2026-03-24,5040.0,Installment,,
1127,Buenaflor3_26,2026-04-28,5040.0,Installment,,
1128,Buenaflor3_26,2026-05-26,5040.0,Installment,,
1129,Buenaflor3_26,2026-06-27,5040.0,Installment,,
1130,Buenaflor3_26,2026-07-22,5040.0,Installment,,
1131,Buenaflor3_26,2026-08-24,5040.0,Installment,,
1132,Buenaflor3_27,2025-07-28,5040.0,Installment,,
1133,Buenaflor3_27,2025-08-27,5040.0,Installment,,
1134,Buenaflor3_27,,600.0,DCS Fee,,DCS
1135,Buenaflor3_27,2025-09-29,5040.0,Installment,,
1136,Buenaflor3_27,2025-11-04,5040.0,Installment,,
1137,Buenaflor3_27,2025-11-29,5040.0,Installment,,
1138,Buenaflor3_27,2026-01-06,5040.0,Installment,,
1139,Buenaflor3_27,2026-01-26,5040.0,Installment,,
1140,Buenaflor3_27,2026-02-23,5040.0,Installment,,
1141,Buenaflor3_27,2026-03-24,5040.0,Installment,,
1142,Buenaflor3_27,2026-04-28,5040.0,Installment,,
1143,Buenaflor3_27,2026-05-26,5040.0,Installment,,
1144,Buenaflor3_27,2026-06-27,5040.0,Installment,,
1145,Buenaflor3_27,2026-07-22,5040.0,Installment,,
1146,Buenaflor3_27,2026-08-24,5040.0,Installment,,
1147,Buenaflor3_28,2022-09-30,11500.0,Installment,,
1148,Buenaflor3_28,2023-04-22,50000.0,Installment,,
1149,Buenaflor3_30,2022-06-23,35000.0,Installment,,
1150,Buenaflor3_30,2022-11-03,20000.0,Installment,,
1151,Buenaflor3_30,,50000.0,Installment,,1/9//2024
1152,Buenaflor3_30,2023-12-13,25000.0,Installment,,
1153,Buenaflor3_30,2023-12-02,40000.0,Installment,,
1154,Buenaflor3_30,2024-02-19,32384.0,Installment,,
1155,Buenaflor3_30,2024-03-11,50000.0,Installment,,
1156,Buenaflor3_30,2024-05-20,150000.0,Installment,,
1157,Buenaflor3_30,2024-06-14,50000.0,Installment,,
1158,Buenaflor3_30,2024-06-27,50000.0,Installment,,
1159,Buenaflor3_30,,6800.0,DAS Fee,,DAS
1160,Buenaflor3_31,2021-08-05,20000.0,Installment,,
1161,Buenaflor3_31,2021-09-06,10000.0,Installment,,
1162,Buenaflor3_31,2021-12-09,10000.0,Installment,,
1163,Buenaflor3_31,2022-02-10,10000.0,Installment,,
1164,Buenaflor3_31,2022-05-27,10000.0,Installment,,
1165,Buenaflor3_31,2022-08-02,10000.0,Installment,,
1166,Buenaflor3_31,2022-10-04,10000.0,Installment,,
1167,Buenaflor3_31,2023-01-03,5000.0,Installment,,
1168,Buenaflor3_31,2023-04-05,10000.0,Installment,,
1169,Buenaflor3_31,2023-07-06,5000.0,Installment,,
1170,Buenaflor3_31,2023-08-08,10000.0,Installment,,
1171,Buenaflor3_31,2023-11-04,15000.0,Installment,,
1172,Buenaflor3_31,2024-02-15,5000.0,Installment,,
1173,Buenaflor3_31,2024-04-11,5000.0,Installment,,
1174,Buenaflor3_31,2024-06-11,5000.0,Installment,,
1175,Buenaflor3_31,2024-09-25,5000.0,Installment,,
1176,Buenaflor3_31,2024-11-06,5000.0,Installment,,
1177,Buenaflor3_31,2025-01-08,10000.0,Installment,,
1178,Buenaflor3_31,2025-03-07,5000.0,Installment,,
1179,Buenaflor3_31,2025-05-06,5000.0,Installment,,
1180,Buenaflor3_31,2025-06-09,10000.0,Installment,,
1181,Buenaflor3_31,2025-07-15,5000.0,Installment,,
1182,Buenaflor3_31,2025-08-12,5500.0,Installment,,
1183,Buenaflor3_31,2025-10-14,5000.0,Installment,,
1184,Buenaflor3_31,2025-11-10,20370.0,Installment,,
1185,Buenaflor3_31,,1500.0,DAS Fee,,DAS
1186,Buenaflor3_32,2021-10-13,9700.0,Installment,,
1187,Buenaflor3_32,2021-11-17,9700.0,Installment,,
1188,Buenaflor3_32,2022-01-03,9700.0,Installment,,
1189,Buenaflor3_32,2022-01-27,9700.0,Installment,,
1190,Buenaflor3_32,2022-03-02,9700.0,Installment,,
1191,Buenaflor3_32,2022-03-31,9700.0,Installment,,
1192,Buenaflor3_32,2022-05-20,9700.0,Installment,,
1193,Buenaflor3_32,2022-06-07,9700.0,Installment,,
1194,Buenaflor3_32,2022-07-18,9700.0,Installment,,
1195,Buenaflor3_32,2022-09-19,9700.0,Installment,,
1196,Buenaflor3_32,2022-11-17,9700.0,Installment,,
1197,Buenaflor3_32,2022-11-22,9700.0,Installment,,
1198,Buenaflor3_32,2023-01-09,9700.0,Installment,,
1199,Buenaflor3_32,2023-02-06,9700.0,Installment,,
1200,Buenaflor3_32,2023-04-12,9700.0,Installment,,
1201,Buenaflor3_32,2023-07-31,9700.0,Installment,,
1202,Buenaflor3_32,2023-12-28,19400.0,Installment,,
1203,Buenaflor3_32,2024-03-18,9700.0,Installment,,
1204,Buenaflor3_32,2024-04-03,10000.0,Installment,,
1205,Buenaflor3_32,2024-10-05,5000.0,Installment,,
1206,Buenaflor3_32,2024-10-17,10000.0,Installment,,
1207,Buenaflor3_32,2024-12-10,10000.0,Installment,,
1208,Buenaflor3_32,2025-02-12,10000.0,Installment,,
1209,Buenaflor3_32,2025-04-14,10000.0,Installment,,
1210,Buenaflor3_32,2025-04-23,15000.0,Installment,,
1211,Buenaflor3_32,2025-06-23,5000.0,Installment,,
1212,Buenaflor3_32,2025-10-06,42100.0,Installment,,
1213,Buenaflor3_32,2025-10-25,62000.0,Installment,,
1214,Buenaflor3_33,2021-11-16,9700.0,Installment,,
1215,Buenaflor3_33,2021-12-20,9700.0,Installment,,
1216,Buenaflor3_33,2022-01-17,9700.0,Installment,,
1217,Buenaflor3_33,2022-02-22,10000.0,Installment,,
1218,Buenaflor3_33,2022-03-17,10000.0,Installment,,
1219,Buenaflor3_33,2022-04-20,10000.0,Installment,,
1220,Buenaflor3_33,2022-05-18,10000.0,Installment,,
1221,Buenaflor3_33,2022-06-21,10000.0,Installment,,
1222,Buenaflor3_33,2022-07-19,10000.0,Installment,,
1223,Buenaflor3_33,2022-08-19,10000.0,Installment,,
1224,Buenaflor3_33,2022-09-30,10000.0,Installment,,
1225,Buenaflor3_33,2022-10-21,10000.0,Installment,,
1226,Buenaflor3_33,2022-11-22,11000.0,Installment,,
1227,Buenaflor3_33,2023-12-30,11000.0,Installment,,
1228,Buenaflor3_33,2023-01-21,11000.0,Installment,,
1229,Buenaflor3_33,2023-03-01,50000.0,Installment,,
1230,Buenaflor3_33,2023-08-09,30000.0,Installment,,
1231,Buenaflor3_34,2022-07-13,23200.0,Installment,,
1232,Buenaflor3_34,,1500.0,DAS Fee,,DAS
1233,Buenaflor3_35,2022-10-05,120000.0,Installment,,
1234,Buenaflor3_35,,1000.0,DAS Fee,,DAS
1235,Buenaflor3_36,2022-08-31,15000.0,Installment,,
1236,Buenaflor3_36,2024-04-03,20000.0,Installment,,
1237,Buenaflor3_36,2025-10-03,10000.0,Installment,,
1238,Buenaflor3_37,2022-07-02,7840.0,Installment,,
1239,Buenaflor3_37,2025-05-06,20400.0,Installment,,
1240,Buenaflor3_37,,7000.0,Installment,,7/14/22025
1241,Buenaflor3_37,2025-08-01,10000.0,Installment,,
1242,Buenaflor3_38,2021-07-30,5000.0,Installment,,
1243,Buenaflor3_38,2021-09-29,20000.0,Installment,,
1244,Buenaflor3_38,2021-12-29,15000.0,Installment,,
1245,Buenaflor3_38,2022-01-10,15000.0,Installment,,
1246,Buenaflor3_38,2022-04-04,5000.0,Installment,,
1247,Buenaflor3_38,2023-10-26,60000.0,Installment,,
1248,Buenaflor3_39,2021-11-29,9400.0,Installment,,
1249,Buenaflor3_39,2021-12-22,19400.0,Installment,,
1250,Buenaflor3_39,2022-01-25,19400.0,Installment,,
1251,Buenaflor3_39,2022-02-28,19400.0,Installment,,
1252,Buenaflor3_39,2022-03-26,19400.0,Installment,,
1253,Buenaflor3_39,2022-04-30,19400.0,Installment,,
1254,Buenaflor3_39,2022-06-06,19400.0,Installment,,
1255,Buenaflor3_39,2022-06-28,19400.0,Installment,,
1256,Buenaflor3_39,2022-07-30,19500.0,Installment,,
1257,Buenaflor3_39,2022-09-06,19300.0,Installment,,
1258,Buenaflor3_39,2022-10-10,19400.0,Installment,,
1259,Buenaflor3_39,2022-11-14,19400.0,Installment,,
1260,Buenaflor3_39,2022-12-20,19400.0,Installment,,
1261,Buenaflor3_39,2023-01-14,19400.0,Installment,,
1262,Buenaflor3_39,2023-02-25,19400.0,Installment,,
1263,Buenaflor3_39,2023-03-28,19400.0,Installment,,
1264,Buenaflor3_39,2023-04-24,19400.0,Installment,,
1265,Buenaflor3_39,2023-05-29,19400.0,Installment,,
1266,Buenaflor3_39,2023-07-25,19400.0,Installment,,
1267,Buenaflor3_39,2023-07-29,19400.0,Installment,,
1268,Buenaflor3_39,2023-08-29,19400.0,Installment,,
1269,Buenaflor3_39,2023-10-03,19400.0,Installment,,
1270,Buenaflor3_39,2023-11-04,19400.0,Installment,,
1271,Buenaflor3_39,2023-11-24,19400.0,Installment,,
1272,Buenaflor3_39,2023-12-27,19400.0,Installment,,
1273,Buenaflor3_39,2024-01-23,19400.0,Installment,,
1274,Buenaflor3_39,2024-03-01,19400.0,Installment,,
1275,Buenaflor3_39,2024-03-26,19400.0,Installment,,
1276,Buenaflor3_39,2024-04-23,19400.0,Installment,,
1277,Buenaflor3_39,2024-05-27,19400.0,Installment,,
1278,Buenaflor3_39,2024-06-29,19400.0,Installment,,
1279,Buenaflor3_39,2024-07-27,19400.0,Installment,,
1280,Buenaflor3_39,2024-08-30,19400.0,Installment,,
1281,Buenaflor3_39,2024-09-30,19400.0,Installment,,
1282,Buenaflor3_39,2024-11-25,19400.0,Installment,,
1283,Buenaflor3_39,2024-12-04,19400.0,Installment,,
1284,Buenaflor3_39,,1500.0,DAS Fee,,DAS
1285,Buenaflor3_40,2022-02-14,10000.0,Installment,,
1286,Buenaflor3_40,2022-05-02,19400.0,Installment,,
1287,Buenaflor3_40,2022-06-16,19400.0,Installment,,
1288,Buenaflor3_40,2022-09-05,19400.0,Installment,,
1289,Buenaflor3_40,2022-11-15,19400.0,Installment,,
1290,Buenaflor3_40,2023-01-03,20000.0,Installment,,
1291,Buenaflor3_40,2023-03-15,19400.0,Installment,,
1292,Buenaflor3_40,2023-04-26,20000.0,Installment,,
1293,Buenaflor3_40,2023-06-24,20000.0,Installment,,
1294,Buenaflor3_40,2023-09-19,20000.0,Installment,,
1295,Buenaflor3_40,2023-10-31,40000.0,Installment,,
1296,Buenaflor3_40,,500.0,DCS Fee,,DCS
1297,Buenaflor3_40,2023-12-29,20000.0,Installment,,
1298,Buenaflor3_40,2024-04-18,20000.0,Installment,,
1299,Buenaflor3_40,2024-06-07,20000.0,Installment,,
1300,Buenaflor3_40,2024-08-05,40000.0,Installment,,
1301,Buenaflor3_40,2024-11-28,20000.0,Installment,,
1302,Buenaflor3_40,2025-01-13,20000.0,Installment,,
1303,Buenaflor3_40,,1000.0,DAS Fee,,DAS
1304,Buenaflor3_41,,1800.0,DAS Fee,,DAS
1305,Buenaflor3_42,2022-04-13,90000.0,Installment,,
1306,Buenaflor3_43,2022-09-29,23000.0,Installment,,
1307,Buenaflor3_43,2022-10-12,10000.0,Installment,,
1308,Buenaflor3_43,2022-12-06,2000.0,Installment,,
1309,Buenaflor3_43,2023-02-21,10000.0,Installment,,
1310,Buenaflor3_44,2023-09-04,5800.0,Installment,,
1311,Buenaflor3_44,2023-11-19,5000.0,Installment,,
1312,Buenaflor3_44,2024-11-19,5000.0,Installment,,
1313,Buenaflor3_45,2023-02-21,11000.0,Installment,,
1314,Buenaflor3_45,2023-04-11,15000.0,Installment,,
1315,Buenaflor3_45,2023-05-06,10000.0,Installment,,
1316,Buenaflor3_45,2023-06-09,9000.0,Installment,,
1317,Buenaflor3_45,2023-07-03,10000.0,Installment,,
1318,Buenaflor3_45,2023-09-11,9000.0,Installment,,
1319,Buenaflor3_45,2022-11-28,12000.0,Installment,,
1320,Buenaflor3_45,2025-03-03,80500.0,Installment,,
1321,Buenaflor3_45,,2932.0,DAS Fee,,DAS
1322,Buenaflor3_46,2024-07-29,26400.0,Installment,,
1323,Buenaflor3_46,2024-10-29,13200.0,Installment,,
1324,Buenaflor3_46,2025-05-21,13200.0,Installment,,
1325,Buenaflor3_47,2025-05-06,10000.0,Installment,,
1326,Buenaflor3_47,2025-08-01,6000.0,Installment,,
1327,Buenaflor3_47,2026-01-07,15000.0,Installment,,
1328,Buenaflor3_48,2021-07-30,5000.0,Installment,,
1329,Buenaflor3_48,2021-09-29,20000.0,Installment,,
1330,Buenaflor3_48,2021-12-29,15000.0,Installment,,
1331,Buenaflor3_48,2022-04-04,5000.0,Installment,,
1332,Buenaflor3_48,2023-10-26,30400.0,Installment,,
1333,Buenaflor3_49,2022-03-02,50000.0,Installment,,
1334,Buenaflor3_49,2022-03-23,50000.0,Installment,,
1335,Buenaflor3_49,2022-04-12,20000.0,Installment,,
1336,Buenaflor3_49,2022-05-19,20000.0,Installment,,
1337,Buenaflor3_49,,300.0,SPA Fee,,SPA
1338,Buenaflor3_56,2021-07-29,26800.0,Installment,,
1339,Buenaflor3_56,2021-12-10,-5000.0,Refund,,"REFUNDED - 12/10/21 - 5,000"
1340,Buenaflor3_56,2022-01-14,-9700.0,Refund,,"REFUNDED - 01/14/22 - 9,700"
1341,Buenaflor3_57,2023-03-30,5000.0,Installment,,
1342,Buenaflor3_59,2021-09-20,11000.0,Installment,,
1343,Buenaflor3_59,2021-11-11,11000.0,Installment,,
1344,Buenaflor3_59,2021-11-22,10000.0,Installment,,
1345,Buenaflor3_59,2023-01-30,100000.0,Installment,,
1346,Buenaflor3_59,2023-03-30,74200.0,Installment,,
1347,Buenaflor3_59,,1000.0,DAS Fee,,DAS
1348,Buenaflor3_63,2022-01-21,19400.0,Installment,,
1349,Buenaflor3_64,2022-08-04,15000.0,Installment,,
1350,Buenaflor3_65,,-4850.0,Refund,,"Refunded 50%(P 4,850)"
1351,Buenaflor3_66,2021-10-21,5000.0,Installment,,
1352,Buenaflor3_66,2021-11-26,3000.0,Installment,,
1353,Buenaflor3_67,,500.0,DAS Fee,,DAS
1354,Buenaflor3_67,2024-02-29,-93000.0,Refund,,"refunded: ₱93,000 (2/29/2024)"
1355,Buenaflor3_68,2022-04-04,3000.0,Installment,,
1356,Buenaflor3_68,2024-09-25,-14500.0,Refund,,"refunded:₱14,500 (9/25/2024) 50%"
1357,Buenaflor3_72,2022-05-23,2500.0,Installment,,
1358,Buenaflor3_72,2022-07-01,2500.0,Installment,,
1359,Buenaflor3_72,,-5000.0,Refund,,"full refunded (P5,000)"
1360,Buenaflor3_73,2021-09-24,9700.0,Installment,,
1361,Buenaflor3_73,2021-10-28,9700.0,Installment,,
1362,Buenaflor3_73,2021-12-20,9700.0,Installment,,
1363,Buenaflor3_73,2022-01-24,9700.0,Installment,,
1364,Buenaflor3_73,2024-07-31,-19400.0,Refund,,"refunded 19,400 (7/31/2024)"
1365,Buenaflor3_73,2025-06-20,-19400.0,Refund,,"refunded: 19,400 (6/20/2025)"
1366,Buenaflor3_74,2022-08-01,2500.0,Installment,,
1367,Buenaflor3_75,2023-02-21,35000.0,Installment,,
1368,Buenaflor3_75,2023-06-06,-15000.0,Refund,,"REFUNDED 06/06/2023 ₱15,000"
1369,Buenaflor3_81,2022-08-16,2500.0,Installment,,
1370,Buenaflor3_83,2021-12-13,10000.0,Installment,,
1371,Buenaflor3_88,2021-10-30,5000.0,Installment,,
1372,Buenaflor3_88,,500.0,DCS Fee,,DCS
1373,Buenaflor3_88,2021-12-04,5000.0,Installment,,
1374,Buenaflor3_88,2022-01-14,5000.0,Installment,,
1375,Buenaflor3_88,2022-03-22,5000.0,Installment,,
1376,Buenaflor3_89,2022-02-23,6250.0,Installment,,
1377,Buenaflor3_89,2022-03-31,6250.0,Installment,,
1378,Buenaflor3_90,2022-09-16,5000.0,Installment,,
1379,Buenaflor3_90,2022-10-15,10000.0,Installment,,
1380,Buenaflor3_92,2022-12-02,9700.0,Installment,,
1381,Buenaflor3_92,2023-02-01,9700.0,Installment,,
1382,Buenaflor3_92,2023-03-31,9700.0,Installment,,
1383,Buenaflor3_94,2021-08-25,5500.0,Installment,,
1384,Buenaflor3_94,2021-10-27,10800.0,Installment,,
1385,Buenaflor3_94,2021-12-04,5300.0,Installment,,
1386,Buenaflor3_94,2022-03-12,16200.0,Installment,,
1387,Buenaflor3_94,2022-06-04,16200.0,Installment,,
1388,Buenaflor3_94,2022-07-22,5400.0,Installment,,
1389,Buenaflor 4_2,2022-03-07,22300.0,Installment,,
1390,Buenaflor 4_2,2022-04-09,22300.0,Installment,,
1391,Buenaflor 4_2,2022-05-19,5000.0,Installment,,
1392,Buenaflor 4_2,2022-06-20,300000.0,Installment,,
1393,Buenaflor 4_2,2022-10-14,15000.0,Installment,,
1394,Buenaflor 4_2,,40000.0,Installment,,01/31/21023
1395,Buenaflor 4_2,2023-03-23,59580.0,Installment,,
1396,Buenaflor 4_2,,2000.0,DAS Fee,,DAS
1397,Buenaflor 4_2,,1000.0,Titling Fee,,Titling
1398,Buenaflor 4_3,2024-01-09,10000.0,Installment,,
1399,Buenaflor 4_3,2025-11-20,20000.0,Installment,,
1400,Buenaflor 4_4,2024-07-02,4000.0,Installment,,
1401,Buenaflor 4_4,2024-10-19,6000.0,Installment,,
1402,Buenaflor 4_4,2025-04-12,5000.0,Installment,,
1403,Buenaflor 4_4,2025-08-09,4000.0,Installment,,
1404,Buenaflor 4_4,2025-12-15,5000.0,Installment,,
1405,Buenaflor 4_4,2026-04-06,4000.0,Installment,,
1406,Buenaflor 4_4,2026-07-14,5000.0,Installment,,
1407,Buenaflor 4_5,2025-05-02,27000.0,Installment,,
1408,Buenaflor 4_5,2025-07-03,14000.0,Installment,,
1409,Buenaflor 4_5,2025-11-03,13000.0,Installment,,
1410,Buenaflor 4_5,2025-11-03,2000.0,Installment,,
1411,Buenaflor 4_5,2026-02-12,15000.0,Installment,,
1412,Buenaflor 4_5,2026-04-17,21000.0,Installment,,
1413,Buenaflor 4_5,2026-07-21,21000.0,Installment,,
1414,Buenaflor 4_5,2026-08-24,10000.0,Installment,,
1415,Buenaflor 4_6,2023-03-02,10000.0,Installment,,
1416,Buenaflor 4_6,2023-05-04,20000.0,Installment,,
1417,Buenaflor 4_6,2023-06-09,40000.0,Installment,,
1418,Buenaflor 4_6,2024-02-29,21000.0,Installment,,
1419,Buenaflor 4_6,2025-04-08,30000.0,Installment,,
1420,Buenaflor 4_6,2025-12-15,23000.0,Installment,,
1421,Buenaflor 4_6,2026-05-20,10000.0,Installment,,
1422,Buenaflor 4_7,2022-05-31,5000.0,Installment,,
1423,Buenaflor 4_7,,10000.0,Installment,,"R,Caños"
1424,Buenaflor 4_8,,5000.0,Installment,,Acar
1425,Buenaflor 4_8,2024-01-25,45000.0,Installment,,
1426,Buenaflor 4_8,2024-02-14,50000.0,Installment,,
1427,Buenaflor 4_8,2024-03-22,30000.0,Installment,,
1428,Buenaflor 4_8,2024-05-08,45000.0,Installment,,
1429,Buenaflor 4_8,2024-06-27,30000.0,Installment,,
1430,Buenaflor 4_8,2024-08-22,20000.0,Installment,,
1431,Buenaflor 4_8,2024-10-11,30000.0,Installment,,
1432,Buenaflor 4_8,2024-11-15,30000.0,Installment,,
1433,Buenaflor 4_8,2025-01-11,60000.0,Installment,,
1434,Buenaflor 4_8,2025-03-13,60000.0,Installment,,
1435,Buenaflor 4_8,2025-05-14,60000.0,Installment,,
1436,Buenaflor 4_8,2025-07-25,40000.0,Installment,,
1437,Buenaflor 4_8,2025-08-07,67600.0,Installment,,
1438,Buenaflor 4_8,,2250.0,DAS Fee,,DAS
1439,Buenaflor 4_9,2021-10-13,16067.0,Installment,,
1440,Buenaflor 4_9,2021-11-03,16067.0,Installment,,
1441,Buenaflor 4_9,2021-12-22,16067.0,Installment,,
1442,Buenaflor 4_9,2022-02-15,32134.0,Installment,,
1443,Buenaflor 4_9,2022-04-29,16067.0,Installment,,
1444,Buenaflor 4_9,2022-05-19,16067.0,Installment,,
1445,Buenaflor 4_9,2022-06-30,16067.0,Installment,,
1446,Buenaflor 4_9,2022-08-10,16067.0,Installment,,
1447,Buenaflor 4_9,2022-09-09,16067.0,Installment,,
1448,Buenaflor 4_9,2022-09-28,16067.0,Installment,,
1449,Buenaflor 4_9,2022-10-25,16067.0,Installment,,
1450,Buenaflor 4_9,2022-11-11,16067.0,Installment,,
1451,Buenaflor 4_9,2022-12-27,16067.0,Installment,,
1452,Buenaflor 4_9,2023-01-26,16067.0,Installment,,
1453,Buenaflor 4_9,2023-03-07,16067.0,Installment,,
1454,Buenaflor 4_9,2023-03-16,16067.0,Installment,,
1455,Buenaflor 4_9,2023-04-12,16067.0,Installment,,
1456,Buenaflor 4_9,2023-05-10,16067.0,Installment,,
1457,Buenaflor 4_9,2023-06-16,16067.0,Installment,,
1458,Buenaflor 4_9,2023-08-25,16067.0,Installment,,
1459,Buenaflor 4_9,2023-08-25,16067.0,Installment,,
1460,Buenaflor 4_9,2023-09-14,16067.0,Installment,,
1461,Buenaflor 4_9,2023-10-05,16067.0,Installment,,
1462,Buenaflor 4_9,2023-11-23,16067.0,Installment,,
1463,Buenaflor 4_9,2024-01-05,16067.0,Installment,,
1464,Buenaflor 4_9,2024-01-30,16067.0,Installment,,
1465,Buenaflor 4_9,2024-04-29,16067.0,Installment,,
1466,Buenaflor 4_9,2024-07-19,16067.0,Installment,,
1467,Buenaflor 4_9,2024-08-01,16067.0,Installment,,
1468,Buenaflor 4_9,2024-09-30,16067.0,Installment,,
1469,Buenaflor 4_9,2024-10-09,16067.0,Installment,,
1470,Buenaflor 4_9,2024-11-12,16067.0,Installment,,
1471,Buenaflor 4_9,2024-12-20,16067.0,Installment,,
1472,Buenaflor 4_9,2025-01-18,16067.0,Installment,,
1473,Buenaflor 4_9,2025-02-21,16055.0,Installment,,
1474,Buenaflor 4_9,,6000.0,DAS Fee,,DAS
1475,Buenaflor 4_10,2022-07-15,150000.0,Installment,,
1476,Buenaflor 4_10,2022-09-23,100000.0,Installment,,
1477,Buenaflor 4_10,,3000.0,DAS Fee,,DAS
1478,Buenaflor 4_11,2021-07-05,10000.0,Installment,,
1479,Buenaflor 4_11,2021-12-16,20000.0,Installment,,
1480,Buenaflor 4_11,2023-03-16,150000.0,Installment,,
1481,Buenaflor 4_11,2023-10-27,100000.0,Installment,,
1482,Buenaflor 4_11,2023-11-28,235200.0,Installment,,
1483,Buenaflor 4_12,2022-09-02,40000.0,Installment,,
1484,Buenaflor 4_12,2022-10-07,15000.0,Installment,,
1485,Buenaflor 4_12,2022-11-11,15000.0,Installment,,
1486,Buenaflor 4_12,2022-12-05,15000.0,Installment,,
1487,Buenaflor 4_12,2023-01-03,15000.0,Installment,,
1488,Buenaflor 4_12,2023-02-07,15000.0,Installment,,
1489,Buenaflor 4_12,2023-03-06,15000.0,Installment,,
1490,Buenaflor 4_12,2023-03-30,15000.0,Installment,,
1491,Buenaflor 4_12,2023-04-24,15000.0,Installment,,
1492,Buenaflor 4_12,2023-06-21,15000.0,Installment,,
1493,Buenaflor 4_12,2023-11-15,14000.0,Installment,,
1494,Buenaflor 4_12,2024-01-03,15000.0,Installment,,
1495,Buenaflor 4_12,2024-05-10,15000.0,Installment,,
1496,Buenaflor 4_12,2024-06-08,10000.0,Installment,,
1497,Buenaflor 4_12,2024-08-12,14000.0,Installment,,
1498,Buenaflor 4_12,2025-04-10,15000.0,Installment,,
1499,Buenaflor 4_12,2025-05-09,15000.0,Installment,,
1500,Buenaflor 4_12,2025-07-08,15000.0,Installment,,
1501,Buenaflor 4_12,,600.0,DCS Fee,,DCS
1502,Buenaflor 4_12,2025-08-05,15000.0,Installment,,
1503,Buenaflor 4_13,2021-08-04,40000.0,Installment,,
1504,Buenaflor 4_13,2021-10-02,25000.0,Installment,,
1505,Buenaflor 4_13,2021-11-29,15000.0,Installment,,
1506,Buenaflor 4_13,2022-01-13,30000.0,Installment,,
1507,Buenaflor 4_13,2022-03-08,12000.0,Installment,,
1508,Buenaflor 4_13,2022-04-05,5000.0,Installment,,
1509,Buenaflor 4_13,2022-04-14,35000.0,Installment,,
1510,Buenaflor 4_13,2022-05-13,10000.0,Installment,,
1511,Buenaflor 4_13,2022-05-23,15000.0,Installment,,
1512,Buenaflor 4_13,2022-05-28,5000.0,Installment,,
1513,Buenaflor 4_13,2022-05-30,7000.0,Installment,,
1514,Buenaflor 4_13,2022-06-09,5000.0,Installment,,
1515,Buenaflor 4_13,2022-06-28,10000.0,Installment,,
1516,Buenaflor 4_13,2022-07-29,6000.0,Installment,,
1517,Buenaflor 4_13,2022-08-08,15000.0,Installment,,
1518,Buenaflor 4_13,2022-08-22,10000.0,Installment,,
1519,Buenaflor 4_13,2022-09-05,12000.0,Installment,,
1520,Buenaflor 4_13,2022-09-09,10000.0,Installment,,
1521,Buenaflor 4_13,2022-09-13,10000.0,Installment,,
1522,Buenaflor 4_13,2022-09-21,10000.0,Installment,,
1523,Buenaflor 4_13,2022-10-01,10000.0,Installment,,
1524,Buenaflor 4_13,2022-10-06,10000.0,Installment,,
1525,Buenaflor 4_13,2022-10-12,10000.0,Installment,,
1526,Buenaflor 4_13,2022-11-02,10000.0,Installment,,
1527,Buenaflor 4_13,2022-11-12,10000.0,Installment,,
1528,Buenaflor 4_13,2022-11-21,15000.0,Installment,,
1529,Buenaflor 4_13,2022-12-06,10000.0,Installment,,
1530,Buenaflor 4_13,2022-12-16,11600.0,Installment,,
1531,Buenaflor 4_13,2022-12-19,10000.0,Installment,,
1532,Buenaflor 4_13,2022-12-28,10000.0,Installment,,
1533,Buenaflor 4_13,2023-01-06,10000.0,Installment,,
1534,Buenaflor 4_13,2023-01-10,10000.0,Installment,,
1535,Buenaflor 4_13,2023-01-13,10000.0,Installment,,
1536,Buenaflor 4_13,2023-01-18,10000.0,Installment,,
1537,Buenaflor 4_13,2023-01-24,10000.0,Installment,,
1538,Buenaflor 4_13,2023-02-08,15000.0,Installment,,
1539,Buenaflor 4_13,2023-02-15,10000.0,Installment,,
1540,Buenaflor 4_13,2023-02-28,10000.0,Installment,,
1541,Buenaflor 4_13,2023-03-09,10000.0,Installment,,
1542,Buenaflor 4_13,2023-03-22,15000.0,Installment,,
1543,Buenaflor 4_13,2023-03-29,10000.0,Installment,,
1544,Buenaflor 4_13,2023-04-04,15000.0,Installment,,
1545,Buenaflor 4_13,2023-04-12,10000.0,Installment,,
1546,Buenaflor 4_13,2023-04-19,10000.0,Installment,,
1547,Buenaflor 4_13,2023-04-25,10000.0,Installment,,
1548,Buenaflor 4_13,2023-05-03,15000.0,Installment,,
1549,Buenaflor 4_13,2023-05-11,15000.0,Installment,,
1550,Buenaflor 4_13,2023-05-15,15000.0,Installment,,
1551,Buenaflor 4_13,2023-05-24,10000.0,Installment,,
1552,Buenaflor 4_13,2022-04-29,6000.0,Installment,,
1553,Buenaflor 4_13,2023-06-07,26000.0,Installment,,
1554,Buenaflor 4_13,,6800.0,DAS Fee,,DAS
1555,Buenaflor 4_14,2023-05-22,50000.0,Installment,,
1556,Buenaflor 4_14,2025-09-11,5000.0,Installment,,
1557,Buenaflor 4_15,2023-03-02,20000.0,Installment,,
1558,Buenaflor 4_15,2023-06-09,190000.0,Installment,,
1559,Buenaflor 4_15,2023-05-04,20000.0,Installment,,
1560,Buenaflor 4_16,2021-08-23,15000.0,Installment,,
1561,Buenaflor 4_16,2021-11-29,90000.0,Installment,,
1562,Buenaflor 4_16,2022-04-11,60000.0,Installment,,
1563,Buenaflor 4_16,2024-07-10,300000.0,Installment,,
1564,Buenaflor 4_16,2024-08-06,65000.0,Installment,,
1565,Buenaflor 4_16,,1500.0,DAS Fee,,DAS
1566,Buenaflor 4_16,,20000.0,Titling Fee,,individual Title payment
1567,Buenaflor 4_17,2024-04-03,20000.0,Installment,,
1568,Buenaflor 4_17,2024-08-05,50000.0,Installment,,
1569,Buenaflor 4_18,2021-09-02,20000.0,Installment,,
1570,Buenaflor 4_18,2021-10-05,50000.0,Installment,,
1571,Buenaflor 4_18,2022-05-18,150000.0,Installment,,
1572,Buenaflor 4_18,,1000.0,DAS Fee,,DAS
1573,Buenaflor 4_23,,500.0,DCS Fee,,DCS
1574,Buenaflor 4_23,,-30000.0,Refund,,"refunded 30,000(July 15,2024)"
1575,Buenaflor 4_23,2024-10-15,-4000.0,Refund,,"refunded:4,000 (10/15/2024)"
1576,Buenaflor 4_23,2024-10-30,-6000.0,Refund,,"refunded:6,000 (10/30/2024)"
1577,Buenaflor 4_23,2025-05-06,-4600.0,Refund,,"refunded 4,600 (5/6/2025)"
1578,Buenaflor 4_24,2022-05-30,16068.0,Installment,,
1579,Buenaflor 4_24,2022-07-29,16068.0,Installment,,
1580,Buenaflor 4_24,2022-10-03,16068.0,Installment,,
1581,Buenaflor 4_24,2022-12-01,20000.0,Installment,,
1582,Buenaflor 4_28,2021-12-03,5500.0,Installment,,
1583,Buenaflor 4_28,2022-03-19,11000.0,Installment,,
1584,Buenaflor 4_35,2021-09-01,40000.0,Installment,,
1585,Buenaflor 4_35,2021-11-04,60000.0,Installment,,
1586,Buenaflor 4_35,2022-02-12,60000.0,Installment,,
1587,Buenaflor 4_35,2022-06-01,40000.0,Installment,,
1588,Buenaflor 4_35,2022-08-04,60000.0,Installment,,
1589,Buenaflor 4_35,2022-12-30,60000.0,Installment,,
1590,Buenaflor 4_35,2023-04-19,60000.0,Installment,,
1591,Buenaflor 4_35,2024-08-17,-70000.0,Refund,,"refunded:70,000(8/17/2024)"
1592,Buenaflor 4_35,2024-09-17,-100000.0,Refund,,"refunded: 100,000 (9/17/2024)"
1593,Buenaflor 4_35,2024-09-19,-55000.0,Refund,,"refunded: 55,000(9/19/2024)"
1594,Buenaflor 4_35,2025-02-18,-125000.0,Refund,,"refunded 125,000 (2/18/2025)"
1595,Buenaflor 4_35,2025-03-05,-100000.0,Refund,,"refunded 100,000 (3/5/2025)"
1596,Buenaflor 5_9,2022-10-17,5000.0,Installment,,
1597,Buenaflor 5_9,2022-11-29,5000.0,Installment,,
1598,Buenaflor 5_9,2023-02-27,5000.0,Installment,,
1599,Buenaflor 5_9,2023-03-30,6000.0,Installment,,
1600,Buenaflor 5_9,2023-05-31,5000.0,Installment,,
1601,Buenaflor 5_9,2023-07-29,7000.0,Installment,,
1602,Buenaflor 5_9,2023-09-14,7000.0,Installment,,
1603,Buenaflor 5_9,2024-02-23,15000.0,Installment,,
1604,Buenaflor 5_9,2024-03-23,7000.0,Installment,,
1605,Buenaflor 5_9,2024-05-20,12000.0,Installment,,
1606,Buenaflor 5_9,2024-06-29,10000.0,Installment,,
1607,Buenaflor 5_9,2024-08-13,20000.0,Installment,,
1608,Buenaflor 5_9,2024-09-23,10000.0,Installment,,
1609,Buenaflor 5_9,2024-11-08,20000.0,Installment,,
1610,Buenaflor 5_9,2024-11-29,10000.0,Installment,,
1611,Buenaflor 5_9,2025-01-30,10000.0,Installment,,
1612,Buenaflor 5_9,2025-02-13,10000.0,Installment,,
1613,Buenaflor 5_9,2025-03-25,10000.0,Installment,,
1614,Buenaflor 5_9,2025-04-23,10000.0,Installment,,
1615,Buenaflor 5_9,2025-06-27,10000.0,Installment,,
1616,Buenaflor 5_9,2025-07-28,10000.0,Installment,,
1617,Buenaflor 5_9,2025-09-12,20000.0,Installment,,
1618,Buenaflor 5_9,2025-09-29,15000.0,Installment,,
1619,Buenaflor 5_9,2025-10-27,10000.0,Installment,,
1620,Buenaflor 5_9,2025-11-20,10000.0,Installment,,
1621,Buenaflor 5_9,2026-01-22,17103.0,Installment,,
1622,Buenaflor 5_9,,1500.0,DAS Fee,,DAS
1623,Buenaflor 5_10,,500.0,Installment,,AR
1624,Buenaflor 5_14,2022-06-04,5000.0,Installment,,
1625,Buenaflor 5_14,2024-02-19,5000.0,Installment,,
1626,Buenaflor 5_15,,2000.0,Installment,,no date
1627,Buenaflor 5_19,2022-05-21,5000.0,Installment,,
1628,Buenaflor 5_20,2024-02-29,2000.0,Installment,,
1629,Buenaflor 5_22,2024-03-12,3000.0,Installment,,
1630,Buenaflor 5_28,2024-02-26,13924.0,Installment,,
1631,Buenaflor 5_28,2024-03-15,13924.0,Installment,,
1632,Buenaflor 5_33,2024-04-01,2000.0,Installment,,
1633,Buenaflor 5_42,2024-03-17,4000.0,Installment,,
1634,Buenaflor 5_49,2022-08-31,10000.0,Installment,,
1635,Buenaflor 5_49,2022-09-21,10000.0,Installment,,
1636,Buenaflor 5_49,2022-11-02,4000.0,Installment,,
1637,Buenaflor 5_49,2022-12-20,10000.0,Installment,,
1638,Buenaflor 5_49,2023-01-31,11000.0,Installment,,
1639,Buenaflor 5_49,2023-03-16,7000.0,Installment,,
1640,Buenaflor 5_49,2023-04-04,13000.0,Installment,,
1641,Buenaflor 5_49,2023-05-15,5000.0,Installment,,
1642,Buenaflor 5_49,2023-06-13,5000.0,Installment,,
1643,Buenaflor 5_49,2023-08-02,5000.0,Installment,,
1644,Buenaflor 5_49,2023-10-05,25000.0,Installment,,
1645,Buenaflor 5_49,2024-01-08,10000.0,Installment,,
1646,Buenaflor 5_49,2024-01-25,20000.0,Installment,,
1647,Buenaflor 5_49,2024-03-07,10000.0,Installment,,
1648,Buenaflor 5_49,2024-05-06,10000.0,Installment,,
1649,Buenaflor 5_49,2024-05-24,20000.0,Installment,,
1650,Buenaflor 5_49,2024-07-22,12668.0,Installment,,
1651,Buenaflor 5_49,,1000.0,DAS Fee,,DAS
1652,Buenaflor 5_53,2024-04-01,2000.0,Installment,,
1653,Buenaflor 5_54,2024-03-13,4000.0,Installment,,
1654,Buenaflor 5_55,2022-05-21,4725.0,Installment,,
1655,Buenaflor 5_55,2022-08-08,4725.0,Installment,,
1656,Buenaflor 5_55,2022-09-10,4730.0,Installment,,
1657,Buenaflor 5_55,2022-12-06,4730.0,Installment,,
1658,Buenaflor 5_58,2022-12-10,3000.0,Installment,,
1659,Buenaflor 5_58,2023-01-31,3600.0,Installment,,
1660,Buenaflor 5_58,2023-02-28,3600.0,Installment,,
1661,Buenaflor 5_58,2023-04-01,3600.0,Installment,,
1662,Buenaflor 5_58,2023-05-31,7200.0,Installment,,
1663,Buenaflor 5_58,2023-10-03,4000.0,Installment,,
1664,Buenaflor 5_58,2023-12-16,4000.0,Installment,,
1665,Buenaflor 5_58,2024-01-04,4000.0,Installment,,
1666,Buenaflor 5_58,,500.0,DCS Fee,,DCS
1667,Buenaflor 5_58,2024-01-04,4000.0,Installment,,
1668,Buenaflor 5_61,2024-03-15,31000.0,Installment,,
1669,Buenaflor 5_63,2024-02-17,2000.0,Installment,,
1670,Buenaflor 5_64,2024-03-05,2000.0,Installment,,
1671,Buenaflor 5_66,2024-03-18,7812.0,Installment,,
1672,Buenaflor 5_67,2022-12-10,6000.0,Installment,,
1673,Buenaflor 5_67,2023-01-30,10000.0,Installment,,
1674,Buenaflor 5_67,2023-02-28,8000.0,Installment,,
1675,Buenaflor 5_67,2023-04-01,10000.0,Installment,,
1676,Buenaflor 5_67,2023-05-02,10000.0,Installment,,
1677,Buenaflor 5_67,2023-05-31,9000.0,Installment,,
1678,Buenaflor 5_67,2023-07-04,8000.0,Installment,,
1679,Buenaflor 5_67,2023-08-02,8000.0,Installment,,
1680,Buenaflor 5_67,2023-10-03,8000.0,Installment,,
1681,Buenaflor 5_67,2023-12-16,16000.0,Installment,,
1682,Buenaflor 5_67,,500.0,DCS Fee,,DCS
1683,Buenaflor 5_67,2024-01-09,8500.0,Installment,,
1684,Buenaflor 5_68,2024-04-01,35000.0,Installment,,
1685,Buenaflor 5_72,2024-03-16,10000.0,Installment,,
1686,Buenaflor 5_76,2024-03-18,7812.0,Installment,,
1687,Buenaflor 5_77,2024-03-15,3056.0,Installment,,
1688,Buenaflor 5_78,2024-02-19,40000.0,Installment,,
1689,Buenaflor 5_78,2024-02-21,20000.0,Installment,,
1690,Buenaflor 5_79,2024-03-18,2500.0,Installment,,
1691,Buenaflor 5_81,2024-04-06,15000.0,Installment,,
1692,Buenaflor 5_81,2026-03-10,15000.0,Installment,,
1693,Buenaflor 5_81,2026-06-02,5000.0,Installment,,
1694,Buenaflor 5_81,2025-12-07,10000.0,Installment,,
1695,Buenaflor 5_81,2024-09-06,15000.0,Installment,,
1696,Buenaflor 5_81,2026-06-02,5000.0,Installment,,
1697,Buenaflor 5_81,2026-08-10,10000.0,Installment,,
1698,Buenaflor 5_84,2022-12-10,3571.0,Installment,,
1699,Buenaflor 5_84,2023-01-30,14284.0,Installment,,
1700,Buenaflor 5_84,2023-02-28,3650.0,Installment,,
1701,Buenaflor 5_84,2023-04-01,3600.0,Installment,,
1702,Buenaflor 5_84,2023-05-02,4000.0,Installment,,
1703,Buenaflor 5_84,2023-05-31,3600.0,Installment,,
1704,Buenaflor 5_84,2023-07-04,3600.0,Installment,,
1705,Buenaflor 5_84,2023-08-02,3600.0,Installment,,
1706,Buenaflor 5_84,2023-10-03,2700.0,Installment,,
1707,Buenaflor 5_84,2023-12-16,7200.0,Installment,,
1708,Buenaflor 5_84,,500.0,DCS Fee,,DCS
1709,Buenaflor 5_85,,4000.0,Installment,,no date
1710,Buenaflor 5_89,2022-12-10,3571.0,Installment,,
1711,Buenaflor 5_89,2023-01-30,5000.0,Installment,,
1712,Buenaflor 5_89,2023-02-28,3650.0,Installment,,
1713,Buenaflor 5_89,2023-04-01,3600.0,Installment,,
1714,Buenaflor 5_89,2023-05-02,4000.0,Installment,,
1715,Buenaflor 5_89,2023-05-31,4000.0,Installment,,
1716,Buenaflor 5_89,2023-07-04,3600.0,Installment,,
1717,Buenaflor 5_89,2023-08-02,3600.0,Installment,,
1718,Buenaflor 5_89,2023-10-03,3800.0,Installment,,
1719,Buenaflor 5_89,2023-12-16,7500.0,Installment,,
1720,Buenaflor 5_89,2024-01-09,3600.0,Installment,,
1721,Buenaflor 5_90,2024-02-22,2000.0,Installment,,
1722,Buenaflor 5_98,2024-03-12,3000.0,Installment,,
1723,Buenaflor 5_99,2024-04-01,7500.0,Installment,,
1724,Buenaflor 5_103,2024-02-21,3056.0,Installment,,
1725,Buenaflor 5_104,2024-04-01,2000.0,Installment,,
1726,Buenaflor 5_106,2024-02-26,2000.0,Installment,,
1727,Buenaflor 5_107,2024-03-26,4000.0,Installment,,
1728,Buenaflor 5_108,2024-03-06,26000.0,Installment,,
1729,Buenaflor 5_109,2024-04-01,2000.0,Installment,,
1730,Buenaflor 5_112,2024-03-22,3000.0,Installment,,
1731,Buenaflor 5_114,2025-06-23,21000.0,Installment,,
1732,Buenaflor 5_114,,1000.0,DAS Fee,,DAS
1733,Buenaflor 5_118,2024-03-05,4000.0,Installment,,
1734,Buenaflor 5_120,2025-12-03,6000.0,Installment,,
1735,Buenaflor 5_120,2026-01-27,2800.0,Installment,,
1736,Buenaflor 5_120,2026-01-29,9500.0,Installment,,
1737,Buenaflor 5_120,2026-05-02,2000.0,Installment,,
1738,Buenaflor 5_120,2026-08-03,5000.0,Installment,,
1739,Buenaflor 5_121,2024-02-16,3000.0,Installment,,
1740,Buenaflor 5_129,2022-05-31,5000.0,Installment,,
1741,Buenaflor 5_130,2022-12-10,3000.0,Installment,,
1742,Buenaflor 5_130,2023-01-31,3600.0,Installment,,
1743,Buenaflor 5_130,2023-02-28,3600.0,Installment,,
1744,Buenaflor 5_130,2023-04-01,3600.0,Installment,,
1745,Buenaflor 5_131,2023-05-31,7200.0,Installment,,
1746,Buenaflor 5_131,2023-10-03,4000.0,Installment,,
1747,Buenaflor 5_132,2022-10-17,5000.0,Installment,,
1748,Buenaflor 5_132,2023-02-27,3000.0,Installment,,
1749,Buenaflor 5_132,2023-05-31,4000.0,Installment,,
1750,Buenaflor 5_132,2023-08-08,6000.0,Installment,,
1751,Buenaflor 5_132,2024-02-23,9000.0,Installment,,
1752,Buenaflor 5_132,2024-05-20,7000.0,Installment,,
1753,Buenaflor 5_132,2024-06-29,4000.0,Installment,,
1754,Buenaflor 5_132,2024-08-13,7000.0,Installment,,
1755,Buenaflor 5_132,2025-01-03,5000.0,Installment,,
1756,Buenaflor 5_132,2025-02-13,10000.0,Installment,,
1757,Buenaflor 5_132,2025-03-25,5000.0,Installment,,
1758,Buenaflor 5_132,2025-04-23,5000.0,Installment,,
1759,Buenaflor 5_135,2023-02-13,2500.0,Installment,,
