event_id,account_id,event_type,event_date,event_amount,target_party_or_project,raw_text
1,Buenaflor1_35,Refund,2021-04-13,27500.0,,"REFUNDED - 4/13/2021 - 27,500"
2,Buenaflor1_36,Refund,2021-09-07,4400.0,,"REFUNDED - 9/7/2021 - 4,400 + DCS 600"
3,Buenaflor1_37,Refund,2021-07-08,2500.0,,"REFUNDED - 7/8/2021 - 2,500"
4,Buenaflor1_43,Refund,2022-11-10,10000.0,,"Refund-11/10/2022-10,000"
5,Buenaflor1_44,Assumed By,,,"Magracia,I.","Assumed by:Magracia,I."
6,Buenaflor1_45,Assumed By,,,"Langcap,Monyr Nawal","Assumed by: Langcap,Monyr Nawal"
7,Buenaflor1_46,Refund,2024-09-09,10000.0,,"50% refunded:10,000(9/9/2024)"
8,Buenaflor1_49,Transferred To,,,KALAWAG 3,TO KALAWAG 3
9,Buenaflor1_50,Transferred To,,,BUENAFLOR P2,TO BUENAFLOR P2
10,Buenaflor1_51,Assumed By,,,"Maulana,Norlis Abdul","Assumed by; Maulana,Norlis Abdul"
11,Buenaflor1_52,Transferred To,,,Ivan Karl Alido,transfer of ownership to: Ivan Karl Alido
12,Buenaflor1_56,Forfeited,,,,Account is in the workbook's FORFEITED ACCOUNTS section.
13,Buenaflor1_57,Forfeited,,,,Account is in the workbook's FORFEITED ACCOUNTS section.
14,Buenaflor1_58,Forfeited,,,,Account is in the workbook's FORFEITED ACCOUNTS section.
15,Buenaflor2_64,Transferred To,,,NEW ISABELA,TO NEW ISABELA
16,Buenaflor2_65,Transferred To,,,KATUNGAL B P2,TO KATUNGAL B P2
17,Buenaflor2_66,Transferred To,,,BUENAFLOR P1,TO BUENAFLOR P1
18,Buenaflor2_67,Transferred To,,,"LASPE, ELAINE/BUGARIN, MARITES","TO LASPE, ELAINE/BUGARIN, MARITES"
19,Buenaflor2_68,Transferred To,,,KATUNGAL B P2,TO KATUNGAL B P2
20,Buenaflor2_69,Transferred To,,,"NARCILLA, CRISTY","TO NARCILLA, CRISTY"
21,Buenaflor2_70,Transferred To,,,Buenaflor phase 1,transfer to Buenaflor phase 1
22,Buenaflor2_71,Transferred To,,,Buenaflor phase 5,to Buenaflor phase 5
23,Buenaflor2_72,Transferred To,,,Buenaflor phase 5,transfer to Buenaflor phase 5
24,Buenaflor2_73,Transferred To,,,Buenaflor Phase 1,transfer to: Buenaflor Phase 1
25,Buenaflor2_74,Transferred To,,,Kalandagan C,Transfer to Kalandagan C
26,Buenaflor2_76,Assumed By,,,"Pareño,Kenneth D.","Assumed by: Pareño,Kenneth D."
27,Buenaflor2_76,Refund,2026-05-22,20000.0,,"refunded: 20,000 (5/22/2026)"
28,Buenaflor2_77,Transferred To,,,Kalandagan C (200sqm.),transfer to Kalandagan C (200sqm.)
29,Buenaflor2_81,Refund,2021-02-05,10000.0,,"REFUNDED 2/5/2021 - 10,000"
30,Buenaflor2_89,Refund,2024-12-03,57050.0,,"refunded: 57,050 (12/3/2024)"
31,Buenaflor2_90,Refund,2024-12-07,39700.0,,"refunded: 39,700 (12/7/2024)"
32,Buenaflor2_94,Forfeited,,,,Account is in the workbook's FORFEITED ACCOUNTS section.
33,Buenaflor2_95,Forfeited,,,,Account is in the workbook's FORFEITED ACCOUNTS section.
34,Buenaflor2_96,Forfeited,,,,Account is in the workbook's FORFEITED ACCOUNTS section.
35,Buenaflor2_97,Forfeited,,,,Account is in the workbook's FORFEITED ACCOUNTS section.
36,Buenaflor2_98,Forfeited,,,,Account is in the workbook's FORFEITED ACCOUNTS section.
37,Buenaflor2_99,Forfeited,,,,Account is in the workbook's FORFEITED ACCOUNTS section.
38,Buenaflor2_100,Forfeited,,,,Account is in the workbook's FORFEITED ACCOUNTS section.
39,Buenaflor2_101,Forfeited,,,,Account is in the workbook's FORFEITED ACCOUNTS section.
40,Buenaflor2_102,Forfeited,,,,Account is in the workbook's FORFEITED ACCOUNTS section.
41,Buenaflor2_103,Forfeited,,,,Account is in the workbook's FORFEITED ACCOUNTS section.
42,Buenaflor2_104,Forfeited,,,,Account is in the workbook's FORFEITED ACCOUNTS section.
43,Buenaflor3_40,Transferred To,,,"Tuan,Eleen Mae","17,800 excess payment transfer to Tuan,Eleen Mae"
44,Buenaflor3_55,Transferred To,,,BUENAFLOR P4,TO BUENAFLOR P4
45,Buenaflor3_56,Transferred To,,,"KAMID, M.","TO KAMID, M."
46,Buenaflor3_56,Refund,2021-12-10,5000.0,,"REFUNDED - 12/10/21 - 5,000"
47,Buenaflor3_56,Refund,2022-01-14,9700.0,,"REFUNDED - 01/14/22 - 9,700"
48,Buenaflor3_57,Transferred To,,,Tina Phase 2,Transfer to Tina Phase 2
49,Buenaflor3_58,Transferred To,,,Analyn Fontanilla,transfer to Analyn Fontanilla
50,Buenaflor3_59,Transferred To,,,Indong Abdulhak Dumpao,Transfer to:Indong Abdulhak Dumpao
51,Buenaflor3_65,Refund,,4850.0,,"Refunded 50%(P 4,850)"
52,Buenaflor3_66,Refund,,,,refunded
53,Buenaflor3_67,Refund,2024-02-29,93000.0,,"refunded: ₱93,000 (2/29/2024)"
54,Buenaflor3_68,Refund,2024-09-25,14500.0,,"refunded:₱14,500 (9/25/2024) 50%"
55,Buenaflor3_72,Refund,,5000.0,,"full refunded (P5,000)"
56,Buenaflor3_73,Assumed By,,,"Fontanilla,Arnel","Assumed by:Fontanilla,Arnel"
57,Buenaflor3_73,Refund,2024-07-31,19400.0,,"refunded 19,400 (7/31/2024)"
58,Buenaflor3_73,Refund,2025-06-20,19400.0,,"refunded: 19,400 (6/20/2025)"
59,Buenaflor3_75,Refund,2023-06-06,15000.0,,"REFUNDED 06/06/2023 ₱15,000"
60,Buenaflor3_78,Forfeited,,,,Account is in the workbook's FORFEITED ACCOUNTS section.
61,Buenaflor3_79,Forfeited,,,,Account is in the workbook's FORFEITED ACCOUNTS section.
62,Buenaflor3_80,Forfeited,,,,Account is in the workbook's FORFEITED ACCOUNTS section.
63,Buenaflor3_81,Forfeited,,,,Account is in the workbook's FORFEITED ACCOUNTS section.
64,Buenaflor3_82,Forfeited,,,,Account is in the workbook's FORFEITED ACCOUNTS section.
65,Buenaflor3_83,Forfeited,,,,Account is in the workbook's FORFEITED ACCOUNTS section.
66,Buenaflor3_84,Forfeited,,,,Account is in the workbook's FORFEITED ACCOUNTS section.
67,Buenaflor3_85,Forfeited,,,,Account is in the workbook's FORFEITED ACCOUNTS section.
68,Buenaflor3_86,Forfeited,,,,Account is in the workbook's FORFEITED ACCOUNTS section.
69,Buenaflor3_87,Forfeited,,,,Account is in the workbook's FORFEITED ACCOUNTS section.
70,Buenaflor3_88,Forfeited,,,,Account is in the workbook's FORFEITED ACCOUNTS section.
71,Buenaflor3_89,Forfeited,,,,Account is in the workbook's FORFEITED ACCOUNTS section.
72,Buenaflor3_90,Forfeited,,,,Account is in the workbook's FORFEITED ACCOUNTS section.
73,Buenaflor3_91,Forfeited,,,,Account is in the workbook's FORFEITED ACCOUNTS section.
74,Buenaflor3_92,Forfeited,,,,Account is in the workbook's FORFEITED ACCOUNTS section.
75,Buenaflor3_93,Forfeited,,,,Account is in the workbook's FORFEITED ACCOUNTS section.
76,Buenaflor3_94,Forfeited,,,,Account is in the workbook's FORFEITED ACCOUNTS section.
77,Buenaflor3_95,Forfeited,,,,Account is in the workbook's FORFEITED ACCOUNTS section.
78,Buenaflor 4_23,Assumed By,,,"Bancaco,Charlie","Assumed BY:Bancaco,Charlie"
79,Buenaflor 4_23,Refund,,30000.0,,"refunded 30,000(July 15,2024)"
80,Buenaflor 4_23,Refund,2024-10-15,4000.0,,"refunded:4,000 (10/15/2024)"
81,Buenaflor 4_23,Refund,2024-10-30,6000.0,,"refunded:6,000 (10/30/2024)"
82,Buenaflor 4_23,Refund,2025-05-06,4600.0,,"refunded 4,600 (5/6/2025)"
83,Buenaflor 4_24,Assumed By,,,Rina Bigkog,Assumed by: Rina Bigkog
84,Buenaflor 4_27,Forfeited,,,,Account is in the workbook's FORFEITED ACCOUNTS section.
85,Buenaflor 4_28,Forfeited,,,,Account is in the workbook's FORFEITED ACCOUNTS section.
86,Buenaflor 4_29,Forfeited,,,,Account is in the workbook's FORFEITED ACCOUNTS section.
87,Buenaflor 4_30,Forfeited,,,,Account is in the workbook's FORFEITED ACCOUNTS section.
88,Buenaflor 4_31,Transferred To,,,JR Caños,payment transfer to JR Caños
89,Buenaflor 4_31,Forfeited,,,,Account is in the workbook's FORFEITED ACCOUNTS section.
90,Buenaflor 4_35,Refund,2024-08-17,70000.0,,"refunded:70,000(8/17/2024)"
91,Buenaflor 4_35,Refund,2024-09-17,100000.0,,"refunded: 100,000 (9/17/2024)"
92,Buenaflor 4_35,Refund,2024-09-19,55000.0,,"refunded: 55,000(9/19/2024)"
93,Buenaflor 4_35,Refund,2025-02-18,125000.0,,"refunded 125,000 (2/18/2025)"
94,Buenaflor 4_35,Refund,2025-03-05,100000.0,,"refunded 100,000 (3/5/2025)"
95,Buenaflor 5_10,Refund,,,,Refunded
96,Buenaflor 5_129,Transferred To,,,BUENAFLOR P3,TO BUENAFLOR P3
97,Buenaflor 5_130,Assumed By,,,Joeffry Galeno Jayawon,Assumed by: Joeffry Galeno Jayawon
98,Buenaflor 5_132,Transferred To,,,Kalandagan C,transfer to Kalandagan C
99,Buenaflor 5_142,Forfeited,,,,Account is in the workbook's FORFEITED ACCOUNTS section.
100,Buenaflor 5_143,Forfeited,,,,Account is in the workbook's FORFEITED ACCOUNTS section.
